host,value
hglzettyyz,0.0
caarmornyd,0.0
rmjvqwkybl,0.0
blurablooz,0.0
gqveepksag,0.0
lkunmakvhp,0.0
axxlfksgbv,0.0
zzdruxxfoe,0.0
ztkujaefcd,0.0
mgllbhrynm,0.0
mttxabhvis,0.0
ngkhycwnkb,0.0
fgccjsstxy,0.0
lybkydxmna,0.0
oxktpacbek,0.0
bsimwvylxs,0.0
lesnximlej,0.0
jyskkjpnzx,0.0
pahvklrzuo,0.0
kuvwzhiasc,0.0
ezxvwfvdai,0.0
hqusawhxjl,0.0
cjlnsulosd,0.0
cqaffcnocm,0.0
axhtrczpys,0.0
iziseojazw,0.0
tbrgsflhtc,0.0
ggxhhpsggz,0.0
awjlkneaek,0.0
jugnjmvktu,0.0
oiomycgnnl,0.0
ppbzxkrzok,0.0
mutxfdtvii,0.0
mjslrapthh,0.0
ycrakctoej,0.0
jqnpdfmnjy,0.0
tkseiwkwnd,0.0
xpfradxgze,0.0
cggkxbstwt,0.0
gzlwtnbplo,0.0
aajnkwwjyq,0.0
avpytowyqz,0.0
flxolcugax,0.0
cqtptzqdbz,0.0
isncfsmbgs,0.0
akkyuiodgc,0.0
gcyumxabfq,0.0
ujzbitljwm,0.0
adhseoftdw,0.0
fmvloysnnr,0.0
tsjnmybbuq,0.0
zdkggwojpo,0.0
gmwwgkwhsj,0.0
elmvotwbij,0.0
fzrxsiktsn,0.0
wrjffoxkfb,0.0
wymtnqpicy,0.0
bvanxlielo,0.0
iktwutyvfp,0.0
sonfcqklqw,0.0
whsglaarym,0.0
nhninuceqw,0.0
plvovpndla,0.0
irluvlnafb,0.0
aeblcxibdh,0.0
szribwsotf,0.0
mpqkbngosv,0.0
zvyuftmxgx,0.0
lgmswfckdn,0.0
pmdkdhldjc,0.0
ocwwzlwffj,0.0
raeufpcyjs,0.0
rgjfwkjllx,0.0
vyawiobana,0.0
tfqfccieys,0.0
tyacgpxyms,0.0
foaazikjlu,0.0
wooynmjhlc,0.0
vrznwxpdin,0.0
vzjzykzpes,0.0
jqhryfyqqj,0.0
kpzwhkgits,0.0
xiohxzfjuy,0.0
hljlagjefx,0.0
awxheaiudv,0.0
ukaeoffdrv,0.0
uazxmqxskg,0.0
bgfmdvkcog,0.0
twamrhfzjq,0.0
gblbzhgbrs,0.0
oobarpafqd,0.0
annlymuoai,0.0
bmnjgriarz,0.0
ljxiflucbr,0.0
cxzkgzncox,0.0
rsqakamtiy,0.0
rdghnvreda,0.0
uxjbltgluf,0.0
nsbnangkxk,0.0
lxanyfiwlc,0.0
ancqfapldr,0.0
rycmjorqyn,0.0
aypjggnhix,0.0
vvwmsyzgnh,0.0
mdfcszuvhb,0.0
sjqcdjapyx,0.0
zcocadqqkd,0.0
ovdrqkjfyq,0.0
nkkjeqihfu,0.0
kukrmduahl,0.0
yryrfeqwsk,0.0
isrhmgawix,0.0
zcpzldevvv,0.0
wuxsbdlueu,0.0
vbkcomdsjw,0.0
kfcacpggsl,0.0
fhnitrqnwx,0.0
nkgckiavxh,0.0
qedmwfelvp,0.0
ifloukinrj,0.0
qundfmxyus,0.0
juljfujzjh,0.0
mzauxnhzvm,0.0
rqqrbztids,0.0
neqxjenzom,0.0
xemijyonhg,0.0
rohhosaauf,0.0
kmigrtihds,0.0
ytrjqykvhv,0.0
hfhccmiqfa,0.0
ubcrkkscsa,0.0
azkylbwwme,0.0
zhryugnqxh,0.0
axaklhsubs,0.0
fmdtzuoqmy,0.0
rqvtnhshep,0.0
fbqgzmjvls,0.0
ttirddpnzy,0.0
vbdwdumtpj,0.0
rbhpllhsqi,0.0
zlfwqbrrsi,0.0
kphgsmxjlr,0.0
mapqacqtgx,0.0
rntvilzcqz,0.0
awniicclft,0.0
tuykixrhda,0.0
fhhfmgzvjq,0.0
nzmqbvvamx,0.0
fckgorhcuf,0.0
dhcqztceum,0.0
idgapguaqc,0.0
zunmgclnis,0.0
vzhcxtbtvg,0.0
hwkemipwbk,0.0
zodackcfmv,0.0
nnbivohfug,0.0
bdiwplvlsu,0.0
oigsudvrvj,0.0
vioznzsrte,0.0
daviaxcnff,0.0
aidlvuiiss,0.0
kmzdgcwwrv,0.0
thsdiuebfy,0.0
iqtbxdkmfc,0.0
yfjdyozgdn,0.0
ilhecmmupm,0.0
joxkoecurn,0.0
djlqsmkmhj,0.0
mlpwkijugk,0.0
ykyeqjmkzm,0.0
proacmaxvy,0.0
qxhqxbyrcb,0.0
oqckqwihvh,0.0
keguwzalln,0.0
adgqvtyzjr,0.0
eeyrymjhkv,0.0
wvrahftewh,0.0
gbnbnrvgsv,0.0
btgmhqtdfx,0.0
scpzlgbsgy,0.0
pduaasdmhe,0.0
reioqlsemn,0.0
vygiiahkqu,0.0
pyvrrbinve,0.0
msjudaagvc,0.0
ryqlonilkf,0.0
esexqhyouw,0.0
bpjopwvtay,0.0
ydsjtrdpgf,0.0
gnhyjihzmm,0.0
bspvedgewk,0.0
owtngpokcl,0.0
klvpzedszy,0.0
mrrkfckaaa,0.0
smkcgozryp,0.0
hqtupdjhtl,0.0
ehhmrjqnqe,0.0
ouwmkxjzlm,0.0
jbyfxsqlso,0.0
nqoaejyzqg,0.0
wudoavkcrc,0.0
lrgrwmcdpf,0.0
wusnbdcrkc,0.0
llxqqckyiw,0.0
kjvonlzccr,0.0
dshcpklpib,0.0
kgdcdyfeel,0.0
apfhmkxowz,0.0
efxdansgoj,0.0
ekxbfjhhbm,0.0
sxvhebbdxz,0.0
vzcgacfunb,0.0
orduufdgqc,0.0
fxbhxedljt,0.0
ahebwylbhi,0.0
hppfbrqsbg,0.0
vtzxjpmyzp,0.0
ogizaizjvq,0.0
hgnkwlxcjh,0.0
ardjvbeyrn,0.0
gknjlnjrso,0.0
qxbgrcmyau,0.0
xjsgkqauoz,0.0
ywboymhvrt,0.0
iwwytdpxpu,0.0
nlngnacymj,0.0
yxbndswxap,0.0
ntymfmyrbr,0.0
tjvcjwuawq,0.0
xkvmkkibra,0.0
dzpujlungk,0.0
kukdltnevz,0.0
afxlvkijkf,0.0
vlbiqqeslp,0.0
lgkpnzrifc,0.0
zrvcoclqit,0.0
ayrtooxbku,0.0
mitnjflyts,0.0
kuzdegddtw,0.0
cvhecldiej,0.0
tyfrxjuoid,0.0
gdyrqswieq,0.0
kwaclogbvp,0.0
rfntdihwvb,0.0
sxjrthawcv,0.0
iblvfrivwo,0.0
codocoajfp,0.0
iinrprdtpg,0.0
ruoaeprfyl,0.0
scvvwizioy,0.0
kxienzlzjc,0.0
euyhksngwo,0.0
gablncsqji,0.0
xuqachyeia,0.0
caifjiyzcp,0.0
jprhwlsifi,0.0
uypxhtgtrk,0.0
fotkkteosw,0.0
vkyerwqqwb,0.0
qsawvahlnx,0.0
roevsojdrj,0.0
ykrfqtmdfj,0.0
xqmrlfbsyo,0.0
zupdndmnur,0.0
loajladrxy,0.0
vbbglhsgyl,0.0
tgcktlmsam,0.0
lionlqbgeh,0.0
nanclntpex,0.0
petcdrjvut,0.0
igzdrfafdp,0.0
ricifhuehi,0.0
hrajtorrhy,0.0
jeihyanoxg,0.0
fdbftdajqh,0.0
rkehzsyybr,0.0
skmjjpernx,0.0
zpymwghafu,0.0
mayhpkrtzf,0.0
kjodsfzdom,0.0
ivbiulswxx,0.0
sedruwuhfi,0.0
nabjolsijy,0.0
axqaicdtxj,0.0
zsscwcnbku,0.0
uiibydpyqt,0.0
wokdvekdvl,0.0
tzofwwxzgm,0.0
byhqqgcipw,0.0
zztwckymjb,0.0
vytnderyau,0.0
tnvcfbilqz,0.0
srretqqqda,0.0
rolyhyvtbm,0.0
vyepdlkstc,0.0
zeximlncbn,0.0
aolhichzmv,0.0
quypsbvdev,0.0
koqoenwydw,0.0
pffoubngko,0.0
ulcbnkpyqb,2.09
caincsuvih,6.99
ssngeofgsa,4.61
hwwboxblof,9.94
oylgnxjqxq,9.4
ddbkkfevqr,9.52
szfiwcjtio,1.25
vgtayldvez,0.23
ugdxpsxuyn,1.62
tslhpmpwpm,2.32
gwwyncyvgo,9.04
cwbhredgcc,1.88
xfllpfnmqn,6.42
mocqeykvps,8.06
zjgrpjidqv,1.4
heykeantvt,9.09
dgrtygdzsp,1.79
yshjbvovrf,8.09
znsuffkeav,1.28
xbwocyxmrw,7.77
uslllztpfl,6.77
hfxhamkgqb,3.55
wnyqochwjd,5.98
frjdqqcnyr,4.6
avfppyxuaj,5.57
wgcxswppnw,1.0
wyecyipfda,7.8
ubrlpyzvrc,7.94
qhkjntntkc,0.65
gdwojeruvh,7.63
hpabgsvhlw,1.6
cryjbejfgp,3.04
fsnsebejws,3.85
womxzpzvgr,6.06
idpzqmwdla,5.87
pnnfvntkiu,3.29
yyykjspfai,1.26
yfvppakpxa,5.72
aztdmdvuqa,6.44
npopwnlhkh,8.12
gyongcfjtd,0.34
acawzivakk,2.82
gyagxchjrs,0.94
hpiexvcbrj,5.26
kjolmphwvm,1.33
blkuhhdqyh,9.62
feylqndsak,0.34
oecrswcvrf,6.46
pphygjfjop,6.84
cmqjrvuiww,2.44
lazcgohnoh,2.33
rpaorbfich,1.03
azdiznbjnx,7.77
rfzoigqqre,4.31
udkhxrjcgy,4.46
dmqwcpuunc,2.43
ouxzjyrwdf,7.96
twuwhnywwt,5.92
yiqtmwwxgi,0.46
ugqwmhuouv,3.65
emhdorvift,9.5
vutespevrq,8.73
kjmxsybboo,1.26
xrkmyrijod,6.53
cukvaviijh,5.38
upwbtbqznm,6.51
wwynhtmgza,6.18
nspejeahly,0.59
vhgcgiajkz,1.97
kvklghtkam,6.81
bqdowwbfgr,7.05
prsymcfvqx,1.85
qxfsfmwfvg,3.13
vonddvbbmk,3.36
rpksojwxee,7.27
gqbswonlqt,7.88
cjjnvswoji,2.75
bzaeaeacgc,4.09
cqwnzoaxzw,1.54
xfwlfjeznn,0.55
vrxslykody,1.88
lelgldhraz,4.83
xjoycsvorn,1.28
tdcrwfiolx,1.6
cdilvoszzj,7.69
zmocfgguux,5.29
zintdchnrj,8.27
bgyuicwnty,6.74
bbjsgnybbf,8.38
vvdjqfebkx,9.62
mlmmpyrdon,3.53
lacckysoui,7.03
mpkkwmjtpj,2.9
spxojtthpz,2.12
tmdtyzmpaw,6.56
yxdrdyshhs,8.46
kscvoofpcl,2.19
qaomwdhgll,4.51
zqkjfpxnqm,7.49
wrbmltesio,2.45
tihefocail,9.8
eqnigyqjis,6.69
eysqfbiqls,1.23
zmgtwwpoac,4.52
cgiganiijz,9.72
qgbawmqjqv,1.49
lvlzcvpunq,2.23
ftltlljfrh,0.72
tmqwdjqvdb,0.74
icuwiikfwl,7.46
gsbtigkfiz,9.79
fxgsqyflbp,9.88
zqykdcrgip,9.32
prhllahbkl,5.77
kzqtpnrebe,0.47
scxdbuiyfe,0.28
vbufhoqgga,2.17
ulapcewzzq,4.38
bnvwyekpag,6.34
hokeprubfq,0.12
yjtkeqgaeb,0.06
xsemzhmlgn,3.25
oujpahzfea,6.11
ogmmfhlhjf,2.84
bcavbhpnep,6.01
xurqldlnht,2.43
shxufhsgak,9.76
gbhzlsjitj,6.92
kzguwmatsu,5.52
bioshpksuv,4.58
invwlswtlw,8.27
kszbxoydds,2.92
nxruyacqjd,1.91
emkprfjgmi,1.86
arzxvhhsqq,9.54
tbclaswzzp,8.24
ltmfnayqwd,4.37
buiftjvfzn,4.48
fhhtyvmchc,7.58
kcefwwzjlh,4.0
ggijtmazfy,4.59
rtksenxywl,1.44
wslhoisvuu,1.9
usxlagtixf,9.51
jsknatijpi,3.84
kzwggqsmst,3.7
ktznrthjfj,7.1
qmdaztatxd,8.14
jptupsrrix,2.91
mrvtpmvwhg,5.71
dnevjuxqfl,9.89
cmcdldxvsg,8.95
edqpuicpvp,4.98
pecomdxtas,5.83
caodvvpztr,2.85
svgmxgyorb,8.06
svvpkpfoog,7.62
wgkjxqflqp,8.57
ygjzoempcj,0.24
rndrawhigw,8.13
ezddnbazzo,6.14
lpsdpwbxsb,4.98
vlcrkzhlsq,8.69
pgjubshjje,4.02
psrfnpidyf,9.47
ahdzitgkco,5.63
dtadbuzbzf,9.29
kzshonofib,2.61
lpbgunaxbs,2.47
msjcpojvlj,5.8
ctejntcixq,8.86
ctpdohemvb,7.84
qovbkygfos,3.24
kphleepkpb,6.56
uoqhcrkaoj,6.56
wpyrqmdehv,2.45
oqitvewped,6.98
czzmgnjtsx,5.37
acliozlcfn,8.24
umqcuafpez,0.95
azvuhdoefa,8.05
iyfpgnsxrs,0.39
iftaeliclw,5.5
fpmbeefbth,2.91
byocyrpeej,4.18
ixkvmdnlvf,0.49
jjuizjjnow,3.71
fgohcpiell,4.46
ekqpwmlads,7.94
flabexgdcv,1.85
ubjvdbqvpj,8.92
zfrayflxdy,9.24
tdqvbfpsfc,8.23
weetdtdttq,9.69
mujqjdzjzw,2.58
adfxvzfpuv,6.54
lrcocrxceh,4.92
cauyioechh,4.41
eosfryeygr,9.51
oyvdlhlteu,6.05
wsxhfyweeu,3.79
dirhungmne,2.16
iuznkebfri,5.26
rfqmlxpoxs,5.65
kwafysitxq,0.97
mnjbfjqbuv,0.75
hvoxrczojg,6.08
tnvbynichd,8.59
qtujuiyild,4.7
jexqietzsm,0.43
ulylsrzpgu,6.56
mlcfamcvvw,3.72
lmrhdyaico,3.71
orkdsccimf,8.34
qzuoobqaqb,5.31
oefyqinppe,1.49
xafepthxhl,4.49
deyrqeajts,5.03
xxdvukceyb,1.77
tjejbkpfkv,7.84
yttbkwckhk,8.1
hefmunacom,4.92
wohpwbspxe,1.52
ffjkvpoccu,6.76
tdwlvhyncz,7.13
okoqgqbxqx,7.51
ndggegzlwd,3.7
hqxvoagdav,9.71
ebhvsnqvqd,1.91
ajhpxghunq,6.99
cqcueclstg,9.06
jtdmkrbtaz,7.36
eumhtszbzq,0.74
zakogstsbd,3.4
xqkuakxndf,0.68
cipsafgnoz,9.02
dzvghmpycj,5.68
systbvrgqy,2.15
ewduzlewnx,0.21
xpnwjdctll,0.36
bmuhflhwzb,3.1
hffjaeljjt,4.02
ydlhvmrecy,5.42
nfvwyjfrbl,9.46
wvqrhhiqiw,3.84
sjrdafkteh,0.94
haeyuctlcp,2.55
lxkyxzlwev,6.61
vnmofiyiil,0.67
okatblcfma,5.88
arwqlzzsbn,8.61
ilximomtxz,7.64
uqjsdukexp,1.82
gvgusnjvki,6.91
vyeoixnqqr,3.67
uhcccibvlg,7.16
skdkvknzmy,9.32
acyrsoxhgv,2.9
zphbnvkpvs,6.18
kvnavkwqqo,0.53
irukqudjwj,8.96
fplaqibfdi,0.99
btcwjfixqb,1.29
sudlelzozf,9.35
czsrvehdqu,7.22
xvtyckynrb,5.78
lpirvqjdir,2.44
ovbzgdmcrr,3.79
zpgohodrzc,4.82
sekpwyxxeu,8.57
ucsmnmjklt,6.11
wxpjqpljsy,2.04
xwlfsghcmp,0.42
jsnbnwhwdg,6.01
ljzpofzptf,8.76
kjzmucwryx,2.04
pnagjokzvp,6.01
ponvfovblj,5.69
okjbkttlcf,5.84
wezdoowchr,0.26
maxjjaffib,8.46
qrprgfmxgk,5.47
hhdqgsdqge,0.73
xgydedocad,7.45
sgfmrqollf,0.36
ncsugrlnow,0.11
oviegutxwo,7.27
reqsvqhpag,3.62
xocmsiftee,2.16
qaoyhalaba,3.93
fsurkukauy,2.64
uzgluuhmxa,6.85
wbebmxrhma,0.89
atsddkvpsf,5.71
gmfrxydgrn,3.97
qmauhnapbw,7.24
urpmptbhep,6.83
fuswfubvfo,6.27
yboohmdkph,4.14
kicepxbqhw,4.9
kiltdczvky,2.35
bwmushkmlv,5.37
absddbtzdv,4.61
auqsmqqfbv,1.22
anukkmqnpe,3.73
amubgdrkju,3.17
msaendqgln,1.36
nmepcafbdf,2.72
qmjgqnnyty,9.51
qnklrelaqu,8.21
wxfulxonqp,0.82
vludgaynnm,1.88
buatlzzhiz,7.86
nyhynmlfrt,3.01
tnwltwxrmr,2.1
qnfxdivhjg,8.07
ktacktkhnv,0.96
wjcdfhsqbr,5.3
wpmanoggzm,1.49
micggonmpt,6.17
wrhrjcayqy,8.35
kblwvojmdw,2.67
jzwhsacogr,4.96
iafqxlnvgz,4.9
dvggvuzegv,4.92
zkzhybcgiy,1.56
enahudsxqn,6.64
ipkviqviwf,3.07
ccetubddfh,3.75
ehgfrjfekc,9.93
rpzcvphqzl,6.0
ikikcakhwu,4.8
yqmaiqbzvm,0.69
chcooudffq,5.17
bxfygbitvh,4.26
boyvqzhdpe,1.31
cqrsrwtnlw,4.3
xdwolawgqb,0.92
igdygkhjjh,7.22
nmwxanrmzo,4.12
dkptlacnol,7.94
vdhbzxzods,9.69
odptajuutf,7.29
drcgxleyyw,6.86
satkwfghsx,2.77
nmrpbzdmoe,8.84
qbtcdndriw,7.84
jmrzdrutrj,6.06
jqwuvwtsdq,8.16
qmumzzecfh,6.65
armpjchkym,8.17
xcsbccwvez,0.49
pdhbiojuxn,1.79
dkyicdzxqc,4.15
vtobcneejh,5.14
jduqlxyntk,8.3
dukbsexzev,8.71
jebdmialwb,8.1
ibtmirsioo,9.35
cnotndljjv,4.05
okqnbgpjst,7.21
wvxpowgusg,8.24
isvjzvrxhd,8.34
dhcdlnklmi,7.63
iyqiorabfn,0.2
bnktwjlgtg,0.6
qfesrgxuwk,6.08
kuvkkxreao,8.75
hwxwwpuunf,7.95
lfthpqhsce,5.22
sxeklgtznf,9.48
whfohcqvkm,8.65
vxnmrnwrmk,2.39
qqggqurrdj,9.87
xyfhydtmsc,8.14
vciregrona,5.28
cnczqtekuw,7.06
sewdtgltwd,1.26
wreqeoxuce,7.96
besbputclb,8.21
teaqolpkjy,4.78
lneeukcgrm,7.25
kcwlstpckb,2.91
ppleomtpzp,2.19
hvngiiuuhb,1.58
kclauwshtj,6.39
elofmuajcr,0.75
cyuwwdpzze,2.92
jpjnsuhvxm,5.1
eeujdfdhwf,2.91
xzuomvbwkx,4.27
nxuwwfhpbw,2.13
ixhqezqaqg,3.29
tdtasyfhrv,3.6
puwspadlta,6.09
mfsyzldjkg,4.8
wuosechbcq,1.01
dnfkrjyvlx,8.4
babvoeffio,1.12
pqcwnsxpny,0.81
gglmrnwnpm,9.0
hakhkuixji,5.08
cgquwkwxdo,0.03
efzpisgozo,3.45
ioqgslrfbo,3.19
ryxlkvwhok,5.1
xlgpftxgus,8.46
pdffhhwioz,1.38
iizcortjmo,3.72
cyisnpyshd,3.05
pbpzhbczok,6.14
ymbiwpjidj,1.44
tooqeguhtt,5.14
eavytfasbo,3.86
cswhhlublk,1.49
gnpdpcugoa,4.46
urqzxkwtox,4.48
zwtuezzkwx,9.97
frnophyecs,8.17
wtfafefcqe,7.71
rylwdrbcjx,7.71
blqltghuea,3.07
tediofugao,7.77
xbdsblaodj,4.01
slcihzsvoi,9.14
ofgrlcgqvo,6.94
wohswbihdg,4.0
zccodpxtsj,5.49
izugwwsjnb,3.12
awcdwwbicz,1.81
yttqbqcgts,2.85
hqrsfvltfy,1.33
uwdmmshqmb,0.36
bwzdaseuxx,5.26
fefhengfay,6.69
zeorpapvao,3.02
netyptzksb,7.82
hyrvckvhuz,9.64
ckobbhhcum,4.36
anqigocadi,2.38
pnxasagncx,5.13
neshejaptd,8.94
rnvxneiegd,1.82
fczprasntz,5.18
brigusblgo,7.65
ifclwyxjam,8.43
dwnpkrgyqf,1.08
zuyemceamj,8.48
acrbmbxrwz,7.55
wherwxinop,2.17
mcylbjbyzf,7.25
nmjudzryka,1.44
qvacavncay,5.2
wwqbbahqlt,0.05
qxxgerbptf,7.51
kimvabtqpa,5.52
vpqgyzelfe,8.55
fijxltcdrs,0.03
dgkzcfoqif,9.36
wlkdyikdnk,6.3
bmzvltpqmf,3.85
tljwscytbl,3.81
armhpfytqn,6.54
zpvgohyziw,1.33
jcxlvyhhty,2.74
dcgzxdzhvl,9.97
kdwgfryuod,5.47
rdnkpuwtwu,2.42
nrihmxfqqx,4.19
gfhfsjrdtk,9.08
rrfmdqoxol,0.54
zjweqjdtxo,4.2
qtaiquyfxk,0.73
ziqmrsoozm,3.6
ipjjyyesjt,8.13
xtpfzxvgpg,1.22
uhqlgzoiuc,1.6
vrhhnsoqan,3.58
zfnvthbqbg,8.01
mcogdgqyqi,3.66
cgywbddpkp,0.38
cpxgbzhogz,4.33
omytizygqc,7.59
kybadsalwl,1.52
hyfqzhdntm,1.18
vwcbdybhrm,4.01
fcmfvchako,1.79
mqxraufgcs,1.35
bxbpvgztxn,1.75
izmkveiklt,3.17
ogfeyciutn,0.55
qhrmfwfixp,2.5
nuqrqdknkc,7.03
unzgwbtmdm,5.1
dcmdkksduj,8.44
xlqbflbbtj,4.53
xupetoxtrp,4.0
yttbbdoeps,1.48
upqkerrhoj,6.05
hxporzlcxl,6.14
pyvwvxlgrx,1.04
mtmghobvsz,7.79
gtbvonhzri,1.8
huhoxjgiyc,0.11
surumyizeu,0.15
corovjaaps,9.23
owmugwcvru,6.21
vcagaknhee,6.95
jaobvatllm,1.74
jckkzilsij,5.83
zzfjosnaik,6.75
oyqjyaznxt,3.12
mkeexcugri,6.72
duzunpuafm,8.13
xtwulsmjii,8.2
yyrjjyskgd,1.39
gwomvgkvny,2.93
uqyzvshjgb,3.27
dbgblgdpni,0.19
zmrpgxghxl,1.97
uxdjjvkzlh,5.26
pbdchnsxfd,7.34
cmgyigffqs,1.28
pxgqhnrqit,2.1
uwcxrprhdb,3.45
uoqusxvlly,5.51
qmduwbhmeb,0.84
bujtyaddlr,9.01
zwbynzqjqo,0.99
lueqwxxwcx,7.06
tljazlcfgv,9.35
comhumtazy,0.17
hichaoqivq,8.55
ppaolsfqde,3.39
arzblgfsbm,5.03
fkrbrfwela,9.6
behroatbvs,2.36
cwcudhaewh,6.47
nnwrixnzhu,8.33
rmqhiolsly,4.22
qincpnvbqn,0.86
jedpqqwsbl,1.46
rkxxgxfynj,0.54
zzqulvhqeg,3.91
mkfrarabeh,8.64
cdmtirutcb,8.67
mmvtfvfgyk,7.64
ffhzdhwims,6.14
szmmfdneqe,3.18
adfrifgepd,8.51
raosntjwjj,9.64
ntakkqlqer,3.2
enutsayvpl,2.1
raymafmibb,6.99
bfyzxnfxhe,9.41
ztslaodirj,5.67
ndmammlxwe,2.47
ffkzdihrhy,1.18
vjklpzheew,8.19
sedtcixnpy,7.97
mhvpgiugvp,8.26
mlvrguxvej,7.76
shlkvmdyna,3.21
sezupgdrur,9.83
dzbxdgvzdl,0.23
unfcxhfspo,8.49
afpeurezzq,8.7
leqopvpaxo,5.0
ywobktykwo,7.8
syyuawhpey,9.16
thlyhoctha,5.74
asuwziwcxe,3.25
djoxzacakk,3.38
neltjlljav,0.7
tfjrosnamh,3.47
tczrxkfidi,6.3
sfvpjrubks,0.64
edrhzyqfuv,8.15
hwdilydeia,9.92
pzeysmxesf,6.74
kvgvusaaab,2.77
sowxnyiekm,3.28
grcklmekas,5.36
yuixzqsytm,8.51
fuvhwhokdh,7.89
clzjtxixub,7.83
smfaxppeaj,1.36
akllopsqpu,2.94
etkjomuuuu,1.88
wodbmokwrg,7.74
dfikpmybbc,6.04
onyrvxrxby,5.57
wjqvhxbexp,1.97
nihwnprcui,1.83
kbfeiwnxon,3.29
dpdwglaype,7.84
flxhartqqu,5.74
zwoqfgxnvr,6.21
zdqarcnyjk,1.44
fhwozwsmkc,1.33
hqjwsdwdrj,2.14
knaxenwwgn,6.56
fogeisigir,7.71
rptvjkwjsj,1.85
kqhhhqwbmj,8.3
yogfgbtsdt,5.42
coezxlognd,0.7
plvikituct,6.01
ixuqutfifm,9.95
uvlmppfqse,0.23
urtfanqmcf,9.95
wnigiihvax,1.75
rxtxyxvlnx,4.86
mqedtsrxkg,6.38
ypvwbwmkwk,1.51
iksmjytypq,6.9
ogmvfpnlvc,9.11
qgdvnjmcyp,3.39
mzmuujggzf,0.69
uezvkkutjz,9.67
xpzqgigkug,6.36
sbrkpvqsgh,2.15
xxxtmjbvwf,1.39
wxyhxidwse,8.79
cfubnsoyau,1.79
uowdgtcsmi,5.0
rkaqgxmdef,5.63
dmxzfuwnch,1.52
ffwubqszfi,5.45
hsetocoivf,8.83
lzulvswpzb,1.04
xostfttxth,4.57
jjbtntofxd,7.55
gbrwovmxqu,7.87
yxnlkzkviq,5.82
wlykinjjdt,4.09
ktxlkeuyiv,2.04
hdvggusteb,6.83
qoxdopxkjh,8.93
gbzupqonhx,9.82
fgrovacmao,9.71
coagfqsnge,3.33
iuqcuaqcjp,8.9
wvjomkjehc,1.54
hepbwysrny,6.49
zybjrpmpzl,9.96
qdthpcvfil,0.84
onzkxiciuy,1.47
ddvznmlzri,5.15
xntcitdcff,7.49
mhxqownnhx,0.79
rxprwfrivm,4.78
xcxnduqlgj,1.89
adnqipyaqb,8.04
bcfdfiokoh,1.8
dsmhuuudbd,4.21
ebtkuufdpv,5.83
kmzlmzqywc,4.96
gfsztqtdbs,9.41
vulziqpspi,5.47
gdkrqwslyf,0.16
sovtqwqowe,5.11
csudtbxtxv,1.96
bhjpzpkmyq,5.85
akvzhdjxni,3.99
oicpexlqpw,1.33
mnwqjmdgqp,1.52
nuioicgtyc,1.61
dhzchkxxdm,2.53
ltxmsirdpi,7.63
dqmoqsklno,7.73
odgtubszrw,5.92
hegilvmqrx,2.75
qfzwhkeyhv,5.99
mbgfrfphbl,1.09
mrbknpexvd,7.35
vwirmadimx,6.4
jfxgnrnuyi,1.79
vsconyxkwc,1.2
tzxfltqqpp,5.41
ocrmznwztl,2.26
fuzexrpgke,1.1
myosiofpms,7.59
uaklgfjvwh,7.07
krpnaafohd,5.29
olwyecdszl,0.58
kkwnegiwwd,5.33
dplwoluzig,6.38
ewsuzekcba,0.93
bcnbzzcrsr,8.21
okhgpbqaqf,9.69
luifsqubdc,1.87
jjyimgbjfv,5.28
atgfhalbzp,8.06
ascywmbqzp,0.37
wrsaymvcow,7.74
bncjfdcflm,4.87
oksnwlytod,6.95
ncsbdipgzm,9.3
ucglfqagru,2.14
upigvrdgwu,8.59
roltergckn,1.28
pqjdzraavc,5.2
ebnmqyrxqg,1.69
zpfdhatvfd,2.02
yikfuvaovw,1.43
giprvedzbn,4.67
ljwjohtkjr,7.39
fcghpukqid,7.19
jyfzvbirus,7.56
knckixtfve,3.94
enqvbaayfa,3.97
wwmbokgmld,4.99
mbrftfvmcv,6.32
whcswfsqyv,4.14
mjzqlhdiln,3.94
whjutmbmkl,3.37
tzojacdrre,9.26
bfhsurpyvl,4.76
pkohtdoswo,2.1
nnotodckgq,7.69
qqbpyspvaf,1.48
plwrvtbanb,6.64
menbnthaeg,8.19
qjoazvtrjt,7.48
pdzzlitnug,5.79
pbtohdctkg,9.69
miznthafbs,9.89
ivlmegrwhe,6.99
cufzpfmqtk,6.41
xbixvnmmku,1.68
jvvgrvcdat,6.21
rhtoaepkhd,3.41
sjanqusqho,6.7
hbxumzwvij,7.72
jkfqjweisl,6.48
yujimlgsvk,6.64
zzqllbwjnn,3.56
yylhhjdixl,0.88
slrtlvcxmq,0.16
kawxczaacs,1.82
buiovuubvr,8.18
usylntprpx,5.35
wysekxhnfh,8.43
wkvqxdsbou,5.66
xyziwbmbwe,2.77
yvzfchzedv,1.63
ziosojtczv,5.38
khezufnomo,1.67
ssgbnvmqsu,0.61
zkmpdgcrmf,3.75
ejqhggtxwk,3.06
nosngzuxso,1.6
eiaknvcisk,8.43
iutdtljjvu,8.25
vhptuphprx,4.33
wmkuvmjzcb,6.04
jptldlfhfl,6.38
zriujibdkw,3.43
lwlfzwmvgi,1.81
fxmkadsmvx,1.81
mqvrbmlerv,0.92
uyjkjlpfhh,1.01
ponokayxtg,7.55
wayqmtorgj,1.47
jovyrdimui,3.57
lwqwdgkpwh,9.27
ufijxipapx,7.2
jaedbjmcyk,3.34
vexmnatzyq,2.46
siickyvamt,4.88
ieglceoczz,4.99
eunjgbrqri,0.63
ehcbobgkny,8.61
bmxvtsmgfh,1.36
kwwllgnmwh,5.63
jvuiqmjurh,7.81
elnbrznibd,2.9
wcoyoebkvy,0.12
akdhinztby,8.71
xsmtdtuhqp,6.54
ihcycukout,5.98
blafxpqpwn,8.74
duvibafqng,8.65
thqusklcke,5.97
julfuirkqt,6.69
thardkzhua,8.74
orhoqrkycb,7.78
ihwhlpbviy,8.88
wqldkrbglh,5.87
jocmqpcpsr,3.3
irfosgrraj,6.1
rtusfawgqo,1.7
goixjuciae,3.66
dsyejuwegm,8.22
hywpjmpcgh,5.3
vocuxttwwe,3.47
bxdpsuizxr,0.59
zogeoijhqt,4.33
vzwrxkfufz,4.11
qrsbzpvryy,0.52
szbhdtptle,2.58
pudwcgscel,2.54
cwoidmgcgi,5.25
yjqqychden,8.2
hlcyibugsw,7.24
oqhihdeecs,9.77
ldqrlctyof,5.19
iwxcxslwrm,3.63
dnolmsccup,9.15
dwiotweyqn,5.45
fugxcnokfk,3.96
bcgmfwuxam,3.97
zknkhwroxd,4.58
gppytnwmho,3.19
txrhgasbyz,8.52
nqddduxnth,8.94
fnsqaycjwg,1.07
pgksgzwjdi,4.26
yusyuoedew,5.81
ciierrirho,5.11
lqfavljlns,0.9
onsysiynqp,9.52
phgwjlgbpb,0.76
wakkrvmawd,2.76
hhmrnedigs,5.42
txwpurxpun,8.01
ltbpyziwyt,5.58
zgdtuiojzl,2.21
usqyxiryby,3.4
ynonctbout,0.3
nswkospbxo,9.18
zlapvqnypp,4.39
ehumpbfffo,4.76
vcfmxktwvn,7.88
tzxsfmpgnk,7.1
zarhulagix,3.32
byezjylolw,4.65
ckzkumheac,3.4
ikdbcyxkdk,1.76
zcmijavvjp,2.54
lblodsuchh,7.3
nghitftvvt,7.76
sstllmubuw,9.28
aqlykmuccr,3.96
uaikzpkags,9.17
iuonrfoifs,1.28
pyuwpvkdrb,0.8
mbcqdcqawr,9.22
encfyujbnt,5.61
anngfnyeux,4.44
yemqbxfyeq,2.04
begbwbdkbo,5.7
qbnqzrbblw,3.86
hmrzwhrknc,0.62
qozoihdexz,2.2
ukvtxtxtvh,1.16
rsjaudfzdj,5.41
zbhmuiweta,4.09
pmiqlrmqtl,0.71
fhfsvwosay,0.39
lqnjozrosl,2.22
wxsthdtlix,6.13
icspcqumzy,5.36
facqrppudx,9.49
qtuemfxzue,5.93
aesqobadbs,2.84
jgeyayvnxw,9.82
getetrtail,3.9
mysictmzzw,3.65
zwahqgtwbb,2.39
zpvthjdtta,6.21
pxuutpidvg,9.1
bmcmwavdqp,1.05
kjexmgmezr,5.28
ltthsrdbsa,4.29
mdxkwhnesb,0.44
embqpufmfq,1.23
nutnccaqqm,2.33
yyvkbdaagb,4.74
uwpqdbaakn,4.59
wouyjiztfw,5.26
iytsaxvxch,5.9
jzpdlmzfli,3.74
yudiytswsl,2.34
itefhykubw,1.15
bfuwowuwil,3.45
bxdyuimuvp,9.39
tsjjpiojic,9.25
trysncqrvx,1.1
nbvuomvcrd,8.59
vttvdgtghs,5.52
vudtuvcdjl,6.85
fcxrubymyt,0.15
lzhgluadwt,8.85
poikynhuwm,4.55
yprwekbxdh,0.41
wfaahisils,3.96
vewdqzbudo,7.96
srxiblljok,2.87
xrbupnpzim,9.62
msxnkyomdr,6.25
uporkbzwmt,8.52
ybzekstubp,0.54
mvihgcflic,7.97
hqfqmlcqzz,1.44
gyoxedxqtc,0.1
kdqsoletgn,2.04
sajmcmplrw,5.05
bqpnyvgvcm,5.56
eigvktudlh,1.61
quejfonfbx,8.92
esebuhglty,8.18
xbivatldrn,0.62
flneicfkpv,4.8
bxzrxajqse,1.36
ogoiyknyjx,9.36
coljfstaba,3.42
aznumlunbc,1.89
pswzeddovt,3.73
jwyyimwify,9.6
hihcmabrrx,1.96
tvjqqcicuw,9.48
kcfhtfwcql,9.02
whsocdhegk,9.1
antpeadvag,7.44
maqwlfaqyx,1.55
zfxddpbulf,3.26
hpblrcvnzg,9.44
whbifsdskd,0.73
quxzmyqpzo,7.89
sjsykphkwo,7.73
yoxnnfvybv,5.29
sfztqiwdok,4.5
vzcexzelhr,0.56
qeyqziheuq,9.53
ushfdoeeai,6.76
dmcejckbax,4.79
lzwtcptvbj,0.21
rbabqzjmte,1.2
ytlnybwrwh,3.21
hzuxbvspwj,9.11
tffrzyjjvs,3.08
dlzssxvxup,5.11
qcaeglxzoa,2.27
bojvzqjjce,0.78
vqhruonhtd,9.2
vepfjksjer,4.17
fmdqanezyr,1.66
dqarznvbir,0.09
tlsptwgjjw,8.49
rvauccrcxo,4.23
wpejqouusx,8.14
iyquanjrvs,1.53
erhionpdli,5.47
zljyclarnk,7.15
xjawfakrui,3.32
odtafevrwu,9.97
xxxkqyztaw,4.81
fsytfgvgvg,9.73
kjvogtdlpl,9.62
pribolqahj,6.91
kylvfwcuol,9.3
vuynbshxou,7.55
ybjolnudck,2.77
tfndpkvogt,3.7
rzityborxu,5.51
tjtvbdvycz,6.25
lvefjxwdiv,1.34
hnmzknksgw,8.58
iwudracoje,9.18
crbtmhtpux,4.56
qlwjzlufxg,8.27
adveehyejr,4.32
minkqqboop,0.51
cfbakntemu,3.05
ibuolysolu,0.52
mvzelckoam,4.76
asghxwincb,5.18
qzodffpyux,5.02
rtxbktcvsv,7.82
fdbpqhuuqc,7.52
fknxftucia,1.59
waiknckrld,2.2
ebcijccksl,2.48
kmuaxhliqf,6.01
moevwjdhte,1.19
holpgkvxzg,9.3
xwknlpzufd,5.99
aedgrjnarc,7.16
bjsfaixzcu,6.04
rpnkqudkpr,2.7
vvvnjqpszi,4.44
nmnxrmfymm,3.53
phljnwjynk,4.16
kqkplprplo,9.58
oruounxrkp,6.41
zynajxnmwc,6.39
qyaygegfwa,2.27
nvpuuozlyy,4.09
ejvfjsagnx,1.37
irkimagwth,0.91
vvnpxbcieu,2.22
sgxfqbdmpq,0.15
ntvvqcrbbw,1.54
ysuzodvrmj,4.74
blcuaezxse,2.05
etnyhphmwt,0.6
psjqufpiyy,2.25
xpqdsgfyev,1.72
iwbpvhqgjp,3.3
lywijcwdtx,3.01
uehsiefwja,6.38
buptierqle,4.89
wfkeklwmgc,8.6
mubfvsyobe,5.92
xpfkvoxrvf,3.32
lxmuojulrg,5.41
gbzbzadnyg,7.94
gkigwisfqj,1.49
lufjvojnta,1.22
rvkubkggvh,7.48
nyfirwjkej,4.97
mvesckttos,6.5
fkencqsoel,6.79
cihwmbuoez,3.91
jtsajzlosj,0.07
ddjcffijrc,8.13
rtbwgbdjve,9.39
sbfijzixcp,4.42
khfiebpqbd,5.25
mucaydbrku,7.73
mktxpgaugw,0.31
cfahhiauam,0.42
maddwnozhf,0.09
nhcktugqyw,10.0
lqbxvpbodi,3.58
tptkmtpncq,8.21
bzeukclvtf,4.22
ujfqwtnqtp,7.16
njuvaruyea,0.48
ijlvsodjty,2.55
ttjfolcqdw,8.12
uygarkgmwp,8.33
epeabgwdck,7.44
ylojsyrbje,9.82
rwjzukiyww,6.63
kuppzurosm,3.86
eurnzpkuax,1.83
wjzdqwngoj,5.57
ydhsermmvd,3.14
yqpjbqpmrd,6.36
txmavefrsb,9.84
phfuekngcv,7.97
kasaywdlsf,8.28
nzbgevyxho,0.82
ftsturnkrw,4.65
edoisxdsth,7.95
qmxmawvxbv,9.89
tgpjoguwee,1.94
upkblfffoa,0.52
fnkunmmiqt,9.7
dggsauxpqo,8.8
qtrwtdjfzl,0.22
cufyldvtsg,5.36
eumfqmwxcz,0.12
wdwcitmnjp,3.91
ndztzfkmku,4.31
wxyhhnroyw,1.08
bwdwfqjrfe,5.97
kubmmjfwwv,8.93
wsuzwctbzl,5.55
zfcdzeaflc,6.6
tdtnmgcwvj,2.75
zfrlzjbdwm,5.74
uqbetssium,3.94
yovbrgymzf,5.06
vmmienijxt,4.13
yyzdsovgcb,8.57
mvyoqpueme,5.37
pwlgfqtclt,0.51
bprqwbxpjc,1.1
gsurztdqza,3.76
avqqdtjscx,4.01
ipzugwwufx,3.38
oobgevjuvk,2.56
dbmgbsxrmu,2.6
pmarfblktn,1.1
mnatyhuxfp,3.17
nrwpuevqbz,5.35
ztyvgxpgsk,0.33
bgplbjkptg,3.49
hcmpicsttf,6.14
pjtraqaomu,7.54
uxvfsvyfpy,4.54
jmsrovkyfp,2.86
rgbmimouqx,5.41
tzbhjccexz,0.09
cgltkinlhv,3.04
bedisgoyrd,9.97
fwuxcfgvvk,4.89
xtkhjdctwu,7.94
ugivtadsgl,3.24
muaomdmfrk,6.98
klazfloear,9.53
dwnqdkoctv,0.86
jnunpwfrws,8.78
uodobhzwcd,4.24
xsnbrepcgu,9.5
rsovspyqmy,9.65
lbylbqxvno,0.47
lmysrcivxw,8.31
zzzyzkwtvz,3.49
mwmozqcdqg,7.59
fsdqadkoja,5.86
mquenwvkfw,1.31
lithyktjkr,8.83
vtfwngbkuu,5.54
zwncvqfmts,8.59
gqgpzjhlbm,4.85
gojyxjglli,7.24
dgdrzmktml,8.69
kkpwzychkk,0.45
hnrbtsbasc,3.46
rszlqydgzs,2.7
hposyehojj,9.04
qraaakzicp,1.76
jzizixauzt,8.43
lyvmtlaznx,1.32
vnqtiiwtzs,9.37
qcaozzbvjs,8.22
isvivzrfni,1.33
zttxkatxvb,5.6
cvyivprptx,3.87
fxszqxyelj,2.37
nwlxmsxixp,5.31
ltwsljlwuz,8.21
xzucgcefml,1.79
pvnxjppsed,6.51
mpdyxambye,6.08
vkfkkkaejs,8.49
sbvkcugrgs,3.17
nlsvnjmtyr,1.99
dbolnrwvvj,6.96
muzjrfzzyy,4.16
dojaexyrim,9.11
nsethxwftd,6.17
cmqijacwyu,7.46
wzkhshmniu,5.28
lquxbrgcxv,4.67
hhbwivpbpo,6.08
ufovpsgekx,0.08
oricytuzxj,9.93
raxcmowiru,2.24
qaixtecnmw,4.19
xyarrbhrxo,5.49
geeyudhzpe,0.97
clzbqmxcfr,4.76
xcvzenadsj,6.59
pigvxpwbzh,9.4
cfamummcyq,8.17
gkkpxnnnma,5.75
eayouzrjbx,7.52
gnpqpakcsb,8.86
bupqtwofso,2.19
gjnnoxmkwt,7.5
wgbarnrjdi,7.18
yvlubltvpx,1.12
ubgjamthdh,5.1
eefdjyrzxz,8.58
sekthnrlzn,8.67
tlcwprunfw,2.98
edeikgrmwk,8.4
djzvqhiavb,6.07
bxjqbyeodk,6.15
wpzubyzrgk,9.26
rdnsmrfjvb,3.2
sjcxmiluwj,0.1
dogljzkjqf,0.53
baxkprzhis,3.51
ileuldkixz,4.47
yblmaoclfy,8.09
fjveelheuq,1.83
mcuamvcbai,7.97
jzsbusbeku,8.11
adrkbioohu,2.6
gdpbzcagrh,0.96
jqwzrtnwco,2.62
uqzdefjker,3.69
bivmigpybh,5.22
uubkvcagbk,5.15
njpxvglojh,6.31
wjnncbgrum,8.96
yhxpwqrzqq,9.81
lbcddzmamo,4.2
qgdpzschwd,4.3
enfhvitfwl,9.04
ppvskvsgym,3.92
hrkabbgksh,8.46
umyatgxwnn,0.6
hnhjgzprer,6.46
ajhmafwvns,5.06
moltjiwspb,3.87
gaaotqhupf,0.7
rthmbqzfpx,6.37
ohqezvptoj,8.1
advcfcqnpq,0.34
bdrbeutdtp,5.11
mvlqoqnwoi,4.9
yjrdwprcso,7.95
kcgpobxtgc,6.21
bmruxszlvf,9.83
sanfcszgee,2.75
udxkcpsrok,9.17
shophwlgru,8.76
ngjudliokq,5.19
govkovbbni,9.43
aljbvbwwii,6.08
dctgsrczvm,8.34
ibstykdrpu,3.03
myrcwtzilf,0.05
ffaqvksiix,4.24
pqpeqbtqwx,9.05
knwfqvzhxs,5.03
acsoytoewg,4.91
ptlefqqfak,4.94
flzgmdhxjw,7.55
qazbjoirmm,0.27
uohknxqoer,9.48
cnhgzdolzx,0.36
uvsukpxrje,3.75
gtqqkmmium,8.39
wxnwhonvqc,2.54
pmpvgyitks,4.78
nosflvucil,9.03
eprhisirch,1.96
rdobcmboqa,1.33
ksntqdlnwk,4.38
xjyqkpbyps,2.29
tttkfjpzkd,3.27
xiqdftucmn,8.94
texrfahjkk,9.06
tdwkcdlrjh,5.19
zzbgjscixf,3.96
woonchsbmg,4.73
ynksgzgpvj,7.99
hkiiegcxil,0.74
oiwvcrcnbl,0.04
tjoshmdryk,5.54
uexinwnuzh,1.53
wbqijptsdd,9.96
cayaianmfj,5.48
xxmjndmibt,3.16
nqjakdaupk,4.77
wcagdyibdy,6.98
jkjmpnykht,4.54
xpfmjcdoji,7.94
kahuhgqtoj,6.97
irrstvjcxf,0.35
letlybswgi,4.99
pzchjdgjgn,8.79
vzfzihktyu,6.06
laypahlbnq,6.46
mhgvtvyzia,4.11
igdcjzrwuo,0.5
kmkslqaspp,9.14
vojoytlkbd,3.8
tjmewxfycb,2.18
tgmqdhvrnf,1.47
pvnfccubnu,5.06
jybwttsjpq,1.63
htcdeesbna,0.43
fqxzcakxsq,9.47
qxffbeggai,1.63
rufkxkzvzc,1.45
ofxnqzlcgl,4.23
dmgqkefrsm,0.74
qfwddzmeab,8.47
ojqncocjak,2.22
rezgrnsatd,8.52
umnsutuysk,2.67
rjwlaxdygs,6.6
ysixwsticz,0.51
pjnhtbvtyi,3.03
vhbfimreum,1.81
dhysrpmjcd,2.35
ubvhityptw,8.29
wijtufijmp,6.67
rbpclhlmyd,1.58
uruanwfmwm,7.97
xwcpioihih,0.17
hgfruzchrt,5.05
hjvwgftaop,4.06
bpvsybdtuf,5.71
wjtnoqqbkx,5.56
onduchaxgn,1.34
bfrlqksxmq,6.11
equaxtipvf,3.93
bchpbkllfm,5.09
zpfycqigfn,1.18
fjpsmpamaz,6.12
nlnbsprxwl,1.53
potnatwxah,1.34
jbruoqnewe,1.76
nbpxedxlfe,8.02
nsukqwrvig,0.42
sxkuphnlzn,0.36
jjiikknrqn,9.1
ldjqlewfkg,8.49
hvwoyzdkvx,2.74
rlpwnhyfhu,0.5
qxwebrfitr,1.29
actjiuzcoo,6.74
mdmtayraxk,4.92
hivtveglqp,4.91
qfetktnsfn,0.11
uqpjkbktca,9.18
remdibllmj,1.77
kxtbnqshxq,5.62
ltwzlhktjj,3.86
pskapeynpj,1.92
himgohdgqu,3.3
eupmigqtyv,9.09
kouhbhjvet,8.88
ndsavaqosz,9.0
enrtrflcxt,2.28
lwbtnwgvkx,1.41
wprcjyazjg,8.43
wgaomakqiz,3.85
fyonebkevk,2.73
labbpkysfd,3.5
gyqhwnjsli,1.62
ahloiovxux,7.99
igsrgfgzjd,4.19
csujymykkr,1.87
eroilbydhm,5.63
qgrmzrcggk,3.9
prisonwqzo,1.58
pwncizxsro,3.95
dcrdsurzxp,9.93
ptshiekmnc,5.01
oczkeunkvd,6.38
nvwextxbey,2.34
jhsynhkpks,4.99
rshkslrmni,7.56
onyblddwiu,5.12
dusrzkgpxf,2.95
nrsyeaaixr,4.62
tnaqmkbdgs,6.93
fvgmtshtid,6.94
obvjsxtnps,6.59
sjhgtdrwlj,6.07
jbeaeurkgn,3.23
lprfcbfymn,8.17
wqsdegeyix,9.02
pxuhnbhnhu,8.4
ubjehogphf,4.89
vtclfnxeqc,6.38
kwdiguqndg,7.88
xqgbojbydn,5.36
ispvhkkemp,1.08
zehliiuxki,1.15
nqddhbaizy,0.2
zplblfevvi,5.99
syqikopmgz,4.06
jsldoaxfsi,9.17
jqbxxsztiz,4.25
umzfznbznk,6.08
mogykthbdi,8.11
oshgybfahm,1.3
xvspftluva,3.82
urhpmdkhtm,0.66
hjvpbzgkwv,7.72
ajtgmnybzm,1.31
rofvdxojxm,9.02
zfblnsmksr,8.69
fzdtfrcrhy,0.77
iheflalxga,6.17
zgydjrlmsd,3.94
refpxqzyvs,9.52
usuydaqnjo,3.42
fprihijgly,9.72
npaahshbdf,1.28
jagsoaytia,6.87
pxajobozhi,0.27
jbjmvwoviv,4.85
ptwoaionne,6.42
ppopzwjqpy,0.43
suyqlsmliv,1.16
abvukwaadj,6.29
wheafmauvf,4.67
sbanhvbxjn,7.68
ujeoqnhvuk,7.0
tplohsbwmr,2.29
ebwtdyzrws,0.56
dhlvizfuav,5.44
ofpxztmrfb,0.62
fgvezzyzfx,5.07
ugzukbizdn,8.85
zawehupdgb,4.87
whuikamibv,6.05
hlfkdmsfvz,0.25
ntxpmmfkud,0.47
vvelhjgtuq,6.33
xdgkwkjnsf,3.91
bidpfvpqlq,0.9
xqwfsmjsfc,1.41
uunewardmp,8.02
egdnsgndiv,3.45
otgwnugqbw,2.0
abrhngwkgi,2.1
benhcfaril,4.63
xhhtnshyhv,9.19
fbjpjydbyo,2.66
tcgiakptfk,2.56
nksyhfhwxk,4.96
evwgycagif,4.61
lmyrbvinyw,9.31
orpgfoxmvn,7.15
ymjlindxen,1.19
whdgktyeya,1.8
jqghsdwuum,8.4
jvicvdnqdc,7.41
jecchsqsyj,0.34
zugwgxqjyt,9.07
lrofxfqqms,5.32
fbthrwsrup,2.91
wzmyfnmdpb,9.04
xisnzyoram,4.88
qtqmoczcwt,6.8
fspfdmrqsw,6.65
onvnzqtxof,9.2
myherrfxxu,5.21
zepcjvevlt,5.55
oivownjoda,6.11
vfnpevmuzr,5.28
kzofogzsnd,4.32
tncyokfrgl,9.69
xvufupkxhr,7.57
yszygtryat,7.33
armlsdlbpx,3.24
xnjemppyfa,8.24
dflpedroim,7.82
hvancknaax,1.23
kgjudujcwm,9.09
bzorgswjjs,4.95
ppsumppaaz,9.65
vtzeiqexfi,1.05
bkjsumgagd,8.62
iutklxasys,9.28
oyntskuhnn,6.83
phggwaakio,8.75
lexobtmpwi,0.92
aihbtnucjf,3.3
zlfzthzlia,7.99
htmvarbqyo,7.14
xipakwoxgv,3.01
hrqgxvhaic,2.16
rvykppvmei,0.0
ctebblzwas,1.63
chckmpblfa,4.07
ljmgdblcfy,7.95
mlzqqabpgp,8.79
lacfnjicdp,0.11
lrbpasntpa,7.51
lgweipayqx,2.49
godqpqdsap,0.84
jhsdayrhex,3.48
fsiaozaltv,7.69
moogkfgsia,6.6
yyvprpcckc,3.41
hiqzedhlds,6.84
zwwmmukvvp,7.38
ujlzelqerp,9.88
zegsixjhbs,1.38
dfdvclibkt,7.16
cbwnjclqea,3.53
hommqwhbyv,6.05
yrczxiprmc,6.99
lfvycukxtk,6.14
rvgxfukwwa,0.64
nmrmagfcut,2.71
gpzqilekfp,5.36
wppwrknnpn,0.8
vcaigivsun,8.16
wqgeiwnyre,1.91
xutmbhouja,9.82
oeixkkwhdj,2.61
izbqbdaebd,7.43
zqebpevfyc,3.6
bcprbeonzw,8.0
qhifhorfph,3.5
uoepiwwprm,5.08
efcqhdnxtn,0.16
ourngcmgoq,8.06
zesegnxigm,1.34
qfiotkkkgw,9.69
nwyjszcsuh,1.93
asqggclnkc,8.12
zpwdlsqvvr,9.92
zbwzlfyomy,0.69
rccezkvfiw,3.32
lbsulqhhrq,1.44
wkcukajzsb,4.29
leieyxcfym,0.33
qqmzzthrhu,5.28
fmqnsjcuas,8.69
deauloswqb,3.11
ejwhvvyzar,0.04
ucuishvimb,3.54
rjgkspefuj,7.27
ymdqfvenhi,1.41
dqvpvfbpql,7.17
wjdlsusalb,6.3
nnbfxmbrdz,3.96
rpyfsvahrg,6.78
nkdiknypcn,7.05
aykcscnvcu,5.26
raxqkrdpbp,4.79
xitblecffp,8.57
gtncuiusbg,3.27
inzfbaxksp,1.83
hqdquoyoyw,2.63
troxfecghh,0.77
cifvsxnuev,0.33
vximrydsfj,6.08
yiuhipvhuk,4.84
qpiswnxhmy,5.5
cyqttfdbvq,7.9
fgxaopwgdz,7.84
picrkdjhgr,7.62
lcfpightdd,9.66
wflrmcpvrr,7.01
bsbaphzbem,8.2
morjwysokz,7.7
dywzigbzet,1.33
vjmfpbwxdf,9.15
pgwxyterii,9.19
qjewhjffhf,3.65
lpiwsaeozj,6.66
ddvjjgdauz,1.46
soyxaqyhrh,1.29
yuoyvrrqrl,7.95
kgoghpbxut,9.58
fdlktlvehm,6.72
wdlkntwsvg,6.7
euegzndssg,0.07
abxbvbkajz,4.94
tcudnkslaq,5.09
tcwbxmlrcz,6.62
ycmbnffqci,9.88
tncakgnjyz,8.55
mrgreqxxtz,6.49
nbjczbjfjd,2.6
yohjvcjvsw,7.56
wdxewkhlzu,3.72
jtnaahxwhu,9.34
spqvurcbwv,0.44
isneylswsy,9.87
nposkicruh,4.84
mtxcfhywro,9.63
jklexnzvxh,7.12
vwlijlahsu,1.87
uhwnnzoqha,2.34
iejvgsaaiy,7.32
nnxjjalysq,4.55
xnvgiolmwm,5.11
tyddnbkeqo,1.26
roxdlsuiri,5.97
nzjyilmujh,4.73
mwrgvwuutw,1.9
xehgcmaifp,5.24
npuiedtngx,5.28
drapkvjjbe,6.77
jtroflkycn,8.43
ovccglhewq,3.76
pmuakctmoo,9.15
wxgxjjiefo,6.8
cukhpkcfwl,6.19
klxfunissm,8.04
pbnkeqfkch,8.3
euvekzrluq,3.0
kuxwbbjiph,8.11
hhmgkgybrr,3.46
zgmedaimpn,8.54
rjfqiamvhg,0.3
vfamzhoyjf,8.11
eafyoxssnj,4.47
digeowumxp,8.68
isyoakfdus,0.25
uvbqwkitiy,9.82
ollnvjcvsf,0.52
nglooluoxk,0.78
cfomwqrgds,3.88
fywyatylxg,4.8
eckuolwqnc,6.16
pjtkairvnb,1.26
sdbjytwjwj,0.32
dbiwlkxxak,6.41
nctxbnuxao,7.18
xhucwmplyk,3.65
fnpfpbnjfy,5.21
uxifozunng,8.71
nvjemzswee,1.84
lydjanlxdg,0.13
lddhodpkwq,3.41
jghqmsutky,9.21
tsrtsyqwkv,6.4
esqutfnawg,4.55
bljowxgskf,8.15
fngwxbslij,0.78
mdhgfbrsoa,8.67
funxgomeeh,8.41
fedkbkbbyg,3.5
hinkphykab,4.75
tntzndxmox,3.66
njhgbfesmp,0.31
sjbgmgxnge,7.87
hypfginxks,6.37
qkxjrineac,5.37
eakyhrqpeq,9.81
gtsdepiodu,8.66
kqmfmteyvc,4.14
zqdrjltvoh,2.5
tbaryvssop,6.92
sawnfjqwux,6.97
zuojqkbqbc,9.1
wysurnimdz,0.59
pqwoyshkes,9.74
bqpswrxkky,8.77
ugdfyukrde,7.14
wgbnjsmhcx,2.27
xmjczleada,4.48
pffyildeep,0.44
kfwnkbipgi,0.77
umogwaaete,0.57
cpnxxmaopq,2.7
nqwliczlfe,8.19
typwunoiqd,6.59
ixfqhonnxj,0.42
seueqtmvdz,0.55
dvdahodgyc,1.9
injkgsuaoz,2.97
mgxvqvibki,4.85
qzeqgtdapw,1.9
wneisqregv,1.52
ekyvkdwidg,9.22
ldnlabkvxt,9.84
bygghmrktr,9.1
iglcfcvjle,1.36
xyapyicnrl,1.85
vonuokxtor,6.13
jgtudyxhpl,1.09
ifhemayqby,6.04
iegaaxfpnj,7.46
fktifupaoo,1.43
tszfaomxsn,8.71
orkdlhwrqw,1.25
ckitvdpmxt,7.69
liyhqkwhef,7.01
utelwcmnuf,0.53
aoczxtuezl,6.92
hgegiljmpg,0.88
wvgnqljxwu,1.7
jbqxoqeaih,6.18
omlylleaxf,1.48
nxfpbktifg,5.5
jstfrawotc,4.24
nyhluppfix,1.68
hftrocekle,1.42
andtvzynlu,7.63
deuuzsnazm,9.46
mpibkqmfds,5.78
hpazjzbrlj,1.92
qnljtfappi,6.43
uldvufwxly,7.05
uzboekhean,9.58
gkwgwvlsal,8.24
thdqmyrcfu,2.24
srjeozwnwr,6.7
fjqugtmmtn,6.58
sbzhnrcwea,2.37
shzishlpoj,6.86
bivdxlrcgz,3.52
ghhvjdnrna,8.67
bpdredtrny,7.62
cqquyizkog,0.35
aysoditkfb,5.77
blxkqlrkqj,6.87
itrimgrxyq,2.36
vwhchozkzb,5.32
vhqahofroo,2.67
wuhtptwvau,2.65
blekfkqgmt,9.76
tilujpxcjm,3.78
ocvqgpxtdf,4.28
irzcgwwyen,3.84
ihztdtfddk,3.87
bgesewenyl,2.13
toijljjljl,1.61
jzdybtowex,7.16
tolyhnpayq,8.38
msrwazvouo,0.93
xntglxdwdw,4.06
fjancnqwad,6.77
ebmywbpgmk,4.02
trpgijatjv,1.93
jvwaselgrd,1.23
mozgvgbllz,0.81
halajzlejx,5.16
zqpkaeqiel,6.07
tjgyordtrq,6.37
swofzjwxcj,7.54
ofrvntdsny,7.31
oxrzoysnln,5.06
chezmmnwwx,0.57
gfasiejuvk,7.34
naxcrunirm,5.83
epmfzyufoo,4.11
qgqribygyf,0.32
swpmdixzki,2.5
hidnhgtnco,6.64
dueqyqwrsd,3.8
iiyerclvvv,3.85
nmdernplhx,7.63
esykvfggnv,1.17
vwxafgqczu,9.38
dixpwgmzfs,7.03
ojjlvcrvmv,6.67
aautnhyvgc,0.08
lfomjxkuyq,3.65
ffvxqdddzu,6.38
pmryzlbhvz,8.52
xgjoaqpfni,9.13
fqvtncuwrl,9.67
pcajgxmdba,4.73
vktvsjcusc,0.15
nljjmlcsrl,7.82
byufzocrpr,4.63
dvaapwlbky,8.71
ahthzsrctv,1.02
xzbqpwcqtc,7.09
yhwgnznxtn,8.38
iomrortyvj,7.28
mgtjwqrhvk,4.36
lwywogvhaa,0.29
ktoctwryvo,6.7
rogwktfgqc,8.24
auawvjtqmn,8.38
isalbktjjl,0.26
hubcnhbncx,6.7
vxxngrscty,0.94
iaqzgsekco,6.62
icwerjuxar,4.92
bzevvqjqcr,4.58
wpcbhagjyo,2.9
uapfjezang,3.25
hxschmupav,8.7
rywcajlofj,1.39
bkkqbzphch,0.48
ujxdiarskl,8.96
ombfohglrj,0.31
ayumkpfezm,0.15
aibmqlfecu,0.5
frvtgybjvm,3.94
jygymsimwy,4.2
ugfbkbqtdy,8.26
jvmyxqrjqo,6.73
rfnacmxakp,9.35
vslhglrnfd,7.63
iyftrlmonp,5.78
pvnsoxbjfk,1.22
pyozirkfhb,9.75
wdibikyovn,8.3
xpdbtypssh,4.74
vxqdpbtpbo,3.12
pxcuyyfqyu,9.24
wzohanosag,8.81
hufldcwwmc,0.76
bshstoljge,5.71
ldprvbrtpc,5.35
wlcptvozox,8.3
dvghkyjxsj,6.85
wzophxrsqu,0.76
sueueclvco,3.66
ppevyrlyhr,2.25
gqpzujjczk,7.62
mihtcdovmz,9.63
gndantyamj,3.43
kwijrhrpfx,0.37
xtrcklxdgm,7.63
uloaiecyyg,2.59
mnwkuxstpm,6.68
gbfejscbml,8.38
crmhttcnkd,7.43
krvgqgnzpj,5.15
vempwlysax,8.39
mynjkkrjnq,4.26
bmgaapzmih,3.04
fdhykvqonh,0.87
xwsjjmqwci,5.56
owznuuzwto,5.01
kbtyfavmjz,7.45
vazisnqgza,9.29
smdsvrevpm,1.68
rkkpvjfgpb,9.4
ceycofdffu,2.87
rfugqlqajr,5.27
hmjzmotxts,3.25
wwbpiddgyq,8.87
hndlmxtrnm,7.47
tqfgmlzepk,0.15
swmegiapzf,6.68
yphigqbtsc,0.36
nrbzxonhzb,1.28
ttvgiihehk,2.85
jnglfuypvs,1.47
xenmybgjor,8.24
mlzukaomvb,6.85
dygzitmtnf,3.78
wlcijzbywr,0.8
mhnvxkowdf,0.72
takumnrmjf,6.14
xlpukqlvfs,2.14
tlkpaxlqxc,7.36
cfkmyuzjaw,9.08
xzkgwzxzou,6.83
knhpasqjls,1.64
jlkebchvux,6.53
kvhidhixum,2.19
tjysdnapok,7.05
ixkbxqqyzi,5.42
htimbukakp,1.28
ahyfcjsqia,4.19
bzicdoiwex,1.93
xvrdblhfge,6.58
xmncrpwxvm,4.06
omghreauoe,1.19
ergxkstnac,3.92
wfhxjofisu,7.84
vjcilkchwy,5.12
tcmyfmrayq,4.35
orpmuivsjk,5.06
cypzwvfgjj,2.39
cvwmqjdalp,6.78
ihyxuwyfaw,2.16
zkbqpqkvpj,4.35
lynfzibkiz,9.47
pchoipntmg,4.61
copjphcfju,3.62
brqqpcxxxk,0.58
dvnheudtjy,2.74
aaxgorykzn,9.82
cpdqsfjxgv,9.55
kngnfzicro,1.83
dlhohnolwi,5.15
ayscccfpej,3.66
kbutesochb,4.85
nsuomsgzau,6.47
ryuodcregq,1.6
yhjhafvzhm,0.62
zuxbrpizjh,5.61
ffihdpcjtt,9.23
omplfxrmga,0.66
tmwqewrvbf,6.81
jmhcjnxcrb,6.79
grxihulcrn,0.99
jdkrsneczv,3.91
uyuvyqmjvd,5.74
zhfpsocily,3.02
ojijifbsee,4.11
qovwyvgyab,9.77
iqftwjesho,3.16
cupjnwjnlv,9.89
nvbjfidbcm,5.66
aorljgkvfg,6.37
nxodmtfrxu,8.73
ahkhrkzexx,9.41
rmqfdqiiem,6.24
xklwifqejs,8.35
bwilbvetxy,0.51
eafikucknk,9.24
tfqytbarwk,8.97
ektebwlzyx,1.5
bixmlhyhwc,4.57
syhgurnine,3.8
ohizrropnj,1.01
xumdslvpcr,0.83
dqkirhgamp,4.83
kxmjzzfwpt,5.88
bdfglwqdjj,9.74
vjnsbokzsp,4.28
rgrshybnhn,9.16
kgqqxyymfn,5.99
rsjgkaybto,5.9
khukqsgjht,3.29
wpxgdqicoy,3.84
gfpjnansde,6.97
jjekrqlagh,4.84
gnkygekvyv,8.92
ztxsugvzff,2.25
qfrpfhowte,4.55
cllugkxpza,7.57
yuwwxuvjkn,1.86
bamebezbgn,6.35
xcdrzvzoqd,2.46
iqdfmzkpfg,1.12
kjtcmjrpoj,0.39
lhgmuhzwoq,9.93
uabulzdkaa,3.18
euhdhmhwxe,3.03
dhjqdofiff,7.5
jzaufzfxdf,8.55
tpvuthdlpq,1.22
pmcyzkadvg,7.79
qisculznpf,9.92
hmzhrgrzyt,7.85
ddxbnnpver,4.01
dgevnlefgi,5.24
uryuwiudhx,8.09
eyektiubaw,7.07
jwtljdlfhd,9.15
dffcqugsom,3.57
alsbznqfay,7.33
bufutogenp,4.93
gamwnlchbv,1.46
sbxdvareyj,0.65
eaauphajsv,2.27
btopexebqx,5.59
btpimglmff,3.0
etgpkuxxms,3.99
pezvgovwtw,8.4
fzrmvdtxts,3.57
enaewpgmkw,3.41
lresjxaxvc,7.68
bausjvppmv,1.69
niatdajttc,9.85
quurlrkijp,1.22
azzrsliiem,6.78
srrjcuvgsa,4.87
nyfowrxhla,8.87
lxgsmsujai,5.17
hjhcfevivi,5.9
nchaemehwz,5.14
hgoqeeorqk,1.21
mvuvgplmhy,2.36
cntnrtzcpf,4.19
mioaaxkvsa,8.76
jwjjcocxnh,8.79
rpwuhsrjhb,0.51
gcsrvmzvsb,0.35
xfvfbmuumx,0.99
tlufpktfyj,1.55
imnisgedah,7.65
yzibzxfvbu,4.35
znknrkjqth,6.68
yfzqmwcuag,8.05
oorbylhmco,0.22
jhysgpdfva,4.3
rrtyplrino,3.16
fuxlmzgztq,3.35
wfrpgusytz,0.54
mltqdkzxlq,1.15
tkeuveatow,7.23
tbvehouctr,9.98
ppkgojuink,5.18
vmexqiwwgd,2.0
zzvtztbkep,4.15
uijvcuotlw,1.42
zznxkcwchk,4.02
wwveqailfx,9.3
alfcpflmkl,8.28
lmwdxglnyp,5.53
yoftcbvtyz,9.04
sdktverqhx,6.36
qguzkjvxfx,4.95
rahxdgxzow,7.81
onlcdmpsxh,1.56
ikmwvfuwbm,5.71
xyhhwcxkbv,1.41
umnlpchfaw,8.84
vattvfmrnq,6.89
ojekbjgxjw,3.18
keipwfxbbu,1.94
ymvumdrqez,6.44
suewdolrfg,8.6
rdwekffmzm,1.7
jnqpdbxpar,0.93
hictelqlaq,1.88
gzxszgcgfn,8.35
mevotqaydi,6.93
equcwrccya,6.56
wntxusoxrv,1.25
yjffhctjqw,5.37
gqdsxrywkw,2.21
pfihdtibpa,3.54
owirkmbmpg,2.01
zkjmvitijo,7.7
xbuciqiytn,3.81
ggcbhyhein,2.05
bdseytrxqn,0.25
idvegpuovd,6.19
ljmdcziepf,8.84
isrqovbhif,8.19
upnoslznyv,8.05
cjhwtsijtb,1.52
rpqwlmermb,3.29
ljeapfuqgb,9.65
hspushgouv,1.07
syuriiblno,9.93
psoqltjskp,5.91
nrbisnjrgc,2.31
scerawsmlb,3.76
aalhtjvbta,0.4
gzpnamuqpv,1.85
fzsqjeizif,2.08
uqwarnxttv,4.97
rzrcgdtjkj,5.18
sxgwcznfcj,2.08
wmpzwupmdq,2.77
vdlbsjadie,0.45
thoooozgkg,0.77
udblisgxcc,4.25
nuejogxppm,0.8
rbukfukbka,4.79
sdfzzvivaq,0.26
mjmwqeoqgo,4.28
bfgllezjej,1.3
ccguglepyy,2.51
yurzakimsl,7.12
sbwyzlseeh,2.21
aokfftuejb,2.7
ghofygdwci,9.72
zthksknmef,5.17
twbgqckagk,5.54
megueuufmn,2.24
xhabukjtbx,6.9
bbvrowhpqj,2.83
jvxyksjuil,1.04
wfhlrlfqks,9.75
jsntjcgwwj,8.68
ghfjjriqmx,1.17
omegxmeadm,7.64
pqxzjhydug,9.86
tdotpuqkzg,1.61
ijrapweyvc,1.19
ohrdgwgxnj,6.69
wbpumuqemm,4.63
udgjmttnnv,3.12
brfddfconw,7.74
xlvklsjvqm,0.91
zblvtxrgpt,8.07
kstkyjcgjt,1.76
xovefmdodv,5.15
wdotdrbgma,6.94
guccwjhayj,2.19
aziubpxrrz,8.86
xdrgivuwex,5.54
qhktkehfif,6.75
zdpmbqodpr,8.49
sxidddgsil,9.8
lvpcikougb,6.15
bmhenihxbg,0.12
uzpdfwgwli,6.24
goeoftthar,0.95
dvxgqbhvya,3.62
lekdngpaae,1.46
oadweqspsd,8.91
eshvbmkerf,2.33
tqxvholqel,0.94
gizmicxugv,9.32
vkmmbnplqu,4.34
ahoontfvhs,8.43
zfyxwrgutu,7.77
bbrypqlcfl,8.4
gyonaglbyp,3.33
hrqtpwuovm,9.14
fyjitkvmlx,0.89
ytsfxbgfix,4.61
fylssmtspd,1.34
owbojssvdi,4.44
nhgkflpahh,6.58
gytpzhegcs,7.58
qhgbkromny,3.6
awkexievna,7.19
qclenbdwpd,9.57
sgfzfzntez,5.64
lmqnhwtnvz,4.68
lzyxigmhuh,9.19
wwbrnrvwsx,1.52
euhuxefslv,9.13
ultlshweup,5.9
alzarongxn,5.29
inizhbmbou,4.36
qikcsymawd,2.09
ispffgyjmy,4.53
taykwwcufi,3.02
rhycztsyxm,5.1
wuclktvhoi,9.76
nstizwquix,3.5
lftpsjvedc,6.25
husoeoqasp,7.24
omxnkgrpfk,0.02
tivenrhqlr,0.25
kbokxhdvva,3.91
fxjoqzywtj,2.45
sszsnlqsys,7.2
mfzgipfhzu,8.03
ottixdxxsi,3.44
ohtgdlsfzg,8.93
twnuxebygx,2.13
qyxyxvcuva,1.84
krmeagzngg,4.34
xmftupodxe,0.65
hcpiwkhhjx,3.79
gggacbpwhr,7.49
qbakzehydf,8.75
atosgzvjnk,1.93
dwphxcgqgm,2.09
gzfxxqvlgq,0.41
dmuetenywf,2.27
zqkqdjocwu,9.0
fnqshubtyp,8.83
xbjayogkjp,6.66
uiykurjeey,2.12
lfegftyzoo,9.81
cvfgcjkcpl,7.92
zecqdoqxyz,3.27
wezdymsdar,7.59
kqjesvjwja,6.2
clwkpkzqrf,7.9
gfqrzduesh,1.26
tqojzjwxda,6.55
avzgebxzol,1.03
zllukmqkoq,5.25
natkpnijdy,0.9
mcvuzzxveu,9.42
snarlgrwsh,6.59
irajuvddtj,6.64
hpufcaqqaj,6.8
zelvgtnlog,3.77
hxnrrmszfo,2.44
ogwueylnbg,1.09
jupqeyzlgc,8.23
zsutjyxxvx,5.42
tlsulecurj,4.54
gpcszapfwl,1.0
dcsbzehaxg,8.86
qafkruqbvm,8.51
jigjhmrbkw,7.89
ecxgprltld,0.49
bkofixmxtv,5.21
xohzmloabj,0.69
xlgyuywlhx,1.83
zqrsdqivmf,8.53
uzfjhybxga,1.44
qlpebhgjml,8.36
wzxhdcdcei,0.17
jfqohkewvn,6.37
lhnoljzdhp,0.14
mxvavuuzyj,1.29
jeizzwutyu,4.18
qlngflgstn,2.4
urwaxcknks,1.36
qbylivcvym,3.22
fuuxqtddkq,7.53
fhijogrnam,7.03
wlrtdyecqf,1.33
wmmlgbwyez,2.52
upnigeupzw,4.51
uroooidhxf,5.43
nomwxjeftt,7.18
evufumbbtu,3.75
esyhkpokox,8.58
hpnnaukumi,5.83
nvpwstzhbu,9.93
doskqniaql,7.28
wemxauwunf,8.01
brjlqwgmfr,4.41
tngxjffjnm,9.25
ijvnogkfaf,9.7
nbueoltsbz,9.86
tupwblqkif,5.44
nwtyvqkmsx,9.62
okatathlky,7.55
dflmretazq,1.17
fzhvirpzim,2.07
lpuyodtzjn,0.45
kesjflovgi,9.03
jerefxpjdc,0.27
cowlrthcml,0.24
aclxisshli,2.02
rldbuyzkqc,7.74
napqhvmrti,8.12
chinnabslr,4.63
ltxkjzkqnl,8.67
cupymqpbxx,6.59
cdaturxwlc,5.1
vcpzredwfo,3.6
btuizdoeyo,7.75
xhsiyncbzb,9.91
ogwxtaypcy,5.9
vtlrbxlafj,4.22
nggoyzmfmn,4.54
qdqtmuiaui,8.09
xkuvqojckp,7.76
ilwaokszeu,5.53
bpgxiqzszl,8.19
plhwxftzpe,6.23
jyvzipchia,7.37
bnwjabqrik,1.35
wvkihohdnx,0.85
hqfwsbzeau,7.52
ykdwgnjqxy,9.2
xofcstvszc,7.33
ytzucfndig,2.61
tcasnvdfzg,2.27
iwtstvuvar,3.59
xehjnrmkmb,3.35
jjyblqadrj,1.84
jgqzafmitg,0.65
zwhdodvslj,5.62
noazjdryyi,8.67
hdvvcetpyx,8.33
frhdzkffmf,9.04
dldrnffdyc,4.5
ulxzmshbah,0.26
suwujoqbdm,2.96
yeouocddyc,9.87
lehnvdrhet,9.75
lvkepbhglo,0.11
dnwhndaxoj,1.94
dctyvqtglt,5.94
kmnkkdwbye,2.78
wpuybeatma,6.57
sutllvjbgg,4.91
ylszjueiio,2.63
warwdsiopu,5.64
vebuqamilg,3.94
ugvkbdiyvj,9.16
xicnkiyrdf,5.65
qpscxzxege,3.75
bqvvetcxsi,9.49
xbbtgauwij,4.81
xrculdowdl,1.04
ozuxfmrura,5.05
xuzfvkpcrh,3.96
nzsorimdgf,8.43
ciujqdkjym,6.35
ydrhlcwyxk,8.68
facvuefnes,9.28
onttcjgxsi,8.59
sikowqtbqo,4.5
mwsfrqqnbi,4.22
nxpgjixjlo,2.78
qqttkqfcgc,0.01
htsjzttpms,8.52
qzdnrebcyf,5.86
nqsgsrrzsa,6.79
caokhgdian,1.42
ckdpybvmza,3.95
saqwqtdafy,4.99
qgqftcasfc,5.73
dckqvdazbr,0.84
wkpqrurthm,3.49
arwuifkbpl,4.56
tumidwylpb,7.04
stcdtfcygu,1.49
sitggvxnwe,8.71
jedlayzjun,8.68
slopqjpzko,4.77
lhjycgbjit,0.06
vgynqjfohs,3.82
adrpftmkpt,9.84
jkggattkoc,2.14
gzvsnmrsiy,4.86
rmwazmwpln,6.43
ndnvcqkwmq,2.02
uoshxmvkdx,6.06
cwglemuixu,7.87
dzsdkydjqi,4.34
kpiusbdjoj,1.2
jhxhpobcpp,9.32
nhzwbvvyuw,4.83
lsixjrmndv,0.35
ucofxifeqd,0.35
msihdxryik,6.48
gdcffzfyju,0.23
xeauqbibgc,2.13
iwnmkszhng,9.29
kmrmdpkxpv,0.54
mywpkhlxkx,3.37
gatoalchwn,1.8
ehtgkiiiwt,2.25
kftxevyiyc,4.36
bywchbjdgp,8.34
bsaqchekva,3.55
ufyltgccio,3.18
bzennwghpl,3.8
gbvtvopyjv,6.92
gpqxcwblqc,1.33
evbmqcxkmu,4.32
tacfpeyziw,2.12
cqmpbifytk,3.72
dfaftyhsci,7.25
suiahomurr,7.84
hahddfucfz,0.84
zalmmgdezb,4.94
gyzwworvdp,7.23
ibornjzscm,6.62
lpfddtsoro,6.89
kiipejnudn,0.31
basbltosgj,9.97
izmgnaexjg,9.47
fpureielfp,9.69
ijqimjcjao,2.16
waxkgfcwgj,0.47
yvstyrdemn,6.1
ephhvaouhu,4.65
rqrgyvrotx,1.72
gqtnjmjcxw,9.74
lnjjmjnubo,7.93
psijuwzfpu,2.14
lcciirnkda,3.53
ethvfaykxd,1.37
vkoerspzij,8.55
fegyesmlrm,6.38
ffvsbqdgkh,4.45
djpwnniixj,9.81
orapleikxq,5.79
nscfonoude,9.51
rxrywjvfab,1.06
ugavarclqk,0.34
cftaclrblp,4.69
zwretqgvci,9.14
zesroxdins,3.53
aoxkjuljjc,9.62
xynmusogpo,7.43
wnfvlyonxd,5.97
pyaoyyrhpq,7.28
jgadvhxviz,0.56
cdkapdsjjj,0.79
ibvwiuoglt,3.71
lwtrxzebzq,2.54
cgppjgqiry,8.47
wqauaakhns,9.19
rskjjobleq,9.33
fydyppkeao,5.55
fiarrtirhs,8.38
bcdovtynev,9.83
flgoycrxwf,7.57
ilgfwazuls,3.03
xhgroklkku,2.51
kndstwwllj,3.51
yocxnkwgkz,5.33
loimzndsii,0.69
rjlgihexyr,4.75
zektcxouaz,0.84
wtastioedp,7.86
gfdfhuwsct,3.42
rwbtremtug,9.19
enlhrpucfp,5.74
rdynlkedgs,0.59
nwfmzggznx,0.36
khrbvpisnw,1.87
rphddiscyo,0.55
qlaljutesh,8.76
nnsgibyuuk,0.36
zjznmiedfc,7.79
ymrpkkijos,5.17
iuwuwnbiyy,1.6
gnvluzpwxb,9.89
trmdetmncv,8.27
dypcpvbzcx,4.2
eqkmpbhgwm,5.82
hphjaeunjv,3.27
ednidaplau,4.82
edsaekitci,7.85
rkjtdbvrbe,7.25
ikoorhliex,0.81
oqifuvlokr,3.51
zivgrzfpib,0.56
ramggxlptl,7.01
edhmrbfpix,1.16
plmszwiypl,4.89
ehfpckrnhv,5.36
jepcaburdf,7.27
byuckrltjx,0.6
oajskxlrls,4.75
zpatjhfgyf,1.07
rjjljakwfo,8.29
fexbdkyrxa,3.01
dnlmqojply,4.28
hofokklruo,3.12
gwjzxdyami,6.75
gcpxyfgrsp,0.93
tlusoihfir,4.62
vhmkbgmztk,1.48
ohelntvhck,3.5
gghlduhwbd,4.69
epxpnctmih,0.38
jrenznglok,7.49
jturlakhyn,7.71
utfygfriam,2.63
lgwbdjkmtx,4.5
nmrianpvlv,6.37
tabmmerdse,8.27
kfciabjabk,8.01
hiccxdjhqj,0.43
chhvgrgdzg,7.64
vgnspzigmh,4.92
jqfhzlbvyc,2.3
csinxxmmte,7.05
mfhjocaaib,8.1
isamhawbiu,7.54
lokogsbfie,1.87
yrpofwdpbe,6.32
inlmziztnh,2.61
uaccfcdboh,8.05
ppkfwehpxt,5.29
vhllfaugym,3.04
ohmpsmjpji,5.82
sgfcrrigsc,0.36
katwheachu,0.93
ithkbhbnzz,3.82
pdnzdhcyte,5.66
nftitwsafh,2.39
cklhcyvjmw,1.27
axqxkoukzl,6.26
riupxirxwg,8.13
xangrzpdyj,7.18
mkzrtkozpb,3.55
rmseqfjpuv,0.41
yqqgxirvuq,8.55
nkglvzpeyz,0.84
hvvyuvcpoc,5.25
jzbwrbrspc,4.84
ylooewuujw,4.71
dnfkdlvayc,4.95
vtczfrwqlp,6.73
camuykpcqv,6.96
fraambzpme,2.23
ezmgfxjdxp,8.21
mhivuqwzpc,7.34
ehzcyxnfuz,4.59
oeaczlpqgq,9.31
nmgkrurvuj,8.4
ggljyqfush,4.43
jsknmjtifh,1.15
jaoljnavpa,5.82
wutfbzewow,7.22
zfostjmfwq,6.79
cebnrwsuud,1.84
xzpokswvuk,9.21
jzhmaroyma,2.97
lvzcnpryzi,8.79
vqpegskdvj,1.95
oapygigmum,0.61
esdfelyaiw,0.53
dshlorrqjt,5.19
vwdtoykize,4.56
jhpslmbosy,7.05
nlbmomdryp,1.62
xtgzazrjgs,2.33
hhygtxptnx,7.68
pxuxymvwum,0.18
fjoslqfevi,4.07
fotdxpqgzf,1.12
qmitdruzry,9.08
dchxurxgiy,9.46
iqwfrhyrbc,4.52
qvplqivtdy,1.69
qeuvqkswpw,2.22
uimdosxovg,9.1
wzdtnxmhlg,1.68
lmqdswdmhd,1.58
bkibgthohj,0.35
epjbwrfstc,3.68
mrtwimvlys,2.04
hqektwrykc,1.25
etaawricqx,7.52
wbojkamzoq,8.74
eaaepkywgi,3.65
rdwnfcynvi,8.02
wgmduszcae,8.25
ddluwmyqpv,7.41
fdkdwsheyj,2.13
eqphfnpgtm,0.14
myjiquzoji,4.24
mljckeqjfq,3.4
ljzsjqczrl,7.28
mwhhlidtyc,9.43
ywhvpeksxt,4.11
ixvoomxrhn,1.97
qsteoiriis,8.62
xhrmpkjoam,1.41
yuhfivtgyi,3.45
votqhsyzwl,3.87
cmzscqtwrv,1.64
araokyqpkz,5.04
oqmzqtuqcj,4.94
hijuamksaz,1.58
jqiinuhvks,4.18
lesueerpnk,1.82
zubvrhixgu,9.28
jotxregxwn,4.67
rmxwkcabkp,4.14
bmpxfffgmn,7.6
wulnmgcmgq,7.29
mnqlzacwjy,1.72
arlolpceej,0.21
drrrewsnis,2.36
saqckggjjo,9.33
barnhyrvth,6.84
kspdyrnllz,0.6
vaetfswfcf,1.41
bsetmijzux,1.31
jwtayjjgtg,0.57
torgeqlioq,6.22
bzxycaekbo,4.46
gtfkooxflr,7.71
jodbkykwng,6.19
zvptmyqzaw,6.82
dhjnvwjqov,7.5
wivaeaejiy,9.83
pioemzgxrd,0.57
hygtgmeugu,3.59
sosjgyzcui,3.55
lqcrplgrsr,1.08
stlcbycqfi,1.13
apsrwrixnv,1.93
faqztgpkxn,2.46
liwsfqcvvw,6.91
zzkrilmaig,1.38
ixkostxwbz,6.49
evgldiyzsg,0.76
fmtspmrusg,8.69
kfoukkjdkm,8.14
jhaqvxbexu,6.2
izkieluryx,6.6
gagjoevmse,2.49
exjsiftwtc,8.16
rhcijirkqg,2.29
owdmnhnexi,2.19
kpiukjxtel,0.8
zrvahgcsqd,4.35
aqztpxutao,4.72
ufjzxffham,7.3
motiyzyhds,0.51
uykymvmkaw,2.68
nddpmqbejv,4.22
ajrizrvurh,0.69
velhdyxswa,7.77
cvxgaqtzit,2.08
gqqthoeuzc,4.65
bygqltyjqz,6.34
wltvzefisp,3.43
vsgjoxrzfw,3.89
zfbxpxgjpj,6.81
frapezuljp,9.08
xdhabrvwzo,1.84
csetpyhesn,3.79
whhkawudpv,1.15
azkkbfowfv,2.25
iwemjunwhh,4.33
vuuerafoml,4.97
zvujlpfyjq,8.07
xsmdssyelv,7.56
emuqkldtzc,4.05
mkxrqroghv,5.4
srgguvwkku,1.2
exefnkoqfw,8.76
hrpxwjyara,9.19
jttqagnchz,1.84
huitwlnjqm,5.62
legnsqhsmw,2.95
hycszgpcxf,2.08
zuasmuqtoz,5.9
vksepothkr,7.96
mceshclsqs,2.56
izxiqofxeh,5.81
hiuduapbwi,8.15
hzexqxwzfd,0.6
hoprshqifq,4.6
hotsgdjvev,1.41
dztnwjlpko,3.0
hkiizxntkp,6.16
zuulkpmxvb,8.58
hnofibtamz,6.04
iqjdhmnniu,7.56
phvctwkrzf,8.12
vwmejrgrwf,4.66
ikncsgwsga,6.19
npvqnqyktg,5.94
kdoajxlauh,7.55
uefrdvboln,2.5
bddzudttqd,9.91
wspwpkpmcf,4.34
bbphoqyfen,9.24
leynohpebs,1.27
brslklsbxl,6.71
zrqfkvcokt,8.12
hwakhjwpvg,6.25
uvqfrhwsrr,2.89
qvallkoskp,7.91
vydulatcsw,6.63
icbhzshkdj,4.8
gpyrvyoiej,7.91
edfxptunio,1.26
zxxzoxzkle,4.12
jenfwzwgxi,6.79
kpyyvtdvqv,6.66
weixgsbkeo,2.08
wjcifiznhy,0.72
jkjngphklr,1.31
xscyzqpycf,0.89
izdtcaiyxr,4.18
ljdjlvkfbb,6.93
ukltjyuchh,3.56
krzwopvxuj,7.54
bugrddkyuh,4.27
wxfweuosbg,4.35
jraatknddn,1.14
pcogabrmtd,1.03
kmjzuleltm,5.21
zedytwzqqu,9.13
rzvbiwxpbd,3.87
khvxlswedx,6.29
hqcaifnqyb,2.18
crijdddozz,4.36
psnztqwhua,3.99
wmcamtzbnd,9.69
rtnxuvggyr,7.17
hqsieiaajy,5.79
gizawotvkd,8.72
raqlihwvrm,4.57
abbsjjcxrb,4.14
djcdqdeskl,5.36
tufgbfpyzr,4.14
djtuxvafsi,4.84
msfhzbepvz,6.46
usujlnxsoe,3.49
kjjsqiskfm,2.46
rbehmtuphf,3.15
zlqqwtoiuf,2.7
kufzdiabup,5.69
qyhcxltvve,8.22
hhrdlljzja,9.51
koneqhucmt,6.0
iukfqmoyjn,4.84
sjrpotedjt,2.9
aiaanuykqd,2.37
yftjbbukpo,3.25
eitiuxwpkb,3.35
xzbwtkfurv,4.77
lybgyuciic,9.24
bvdsmixiyc,3.16
cyewkqhmgr,0.4
zashfqkszc,1.23
blcqxuuslh,1.08
lwldnbyalr,0.53
cqnjpfmhmt,8.16
rkzxhhuvpt,5.77
wmkcnfflkt,4.19
sjmlwtdqor,3.92
sefhxlktjv,0.76
gpmxpesbjw,4.04
wproiydgut,9.83
cvdzgsoiza,3.69
cuslkkhdft,4.44
dkvzbexzlb,3.52
nzskepudxa,7.25
ggijrlzvfh,2.21
sdgsyovxjn,6.0
ofmjfmaosp,2.51
cfrodzlygz,4.01
loukznaqmb,0.42
eruoafnlae,1.56
qweeaodnib,2.46
xtxufbwlam,4.1
fnfpugnmps,3.66
yozczvahrw,6.99
eucnmgfrnj,8.04
hbpbubmnem,4.23
ydisdlbsks,0.95
wvjlgomrcy,1.98
hcjwxpcsvn,6.46
gyhyopwxuw,1.53
cyghrtmvov,8.04
zsfbamniin,8.47
htzyaamggz,9.91
liciviaqru,9.68
xbzgxruhyt,6.54
tftpzizrdo,8.79
esikxpvlug,1.66
rxdqvatvur,5.71
oxvihdkehs,5.21
qjkvlfpuna,2.27
szhincpgob,6.59
rakyedyxrn,6.87
tbefovnvgl,2.01
ixwzasjxpg,1.08
rbfxxtnbyy,5.7
hfjbpjieae,6.72
mrjyihmvfa,1.0
pkxyrsqyfv,2.05
zpmqscusyx,0.43
vyaolcmfvs,7.77
vbngcafjwp,6.5
tskccvyuvo,4.49
mqhivjiwtq,4.8
fofydalfnh,4.02
xksnouegeu,6.03
zylzsnhfxo,4.07
jmilckvugw,8.82
zugmhehkdt,7.79
fxtadhxyrx,4.37
qewertckfk,6.64
owdlkdaqwb,4.9
bbajlykcnz,5.62
dzoiwtbeki,5.91
ymtkepxmtk,0.5
gqqislizbs,2.51
cojrawkbxe,9.87
ovsxyynugp,2.15
xjbnaiglyd,6.22
spcevacfrw,7.51
ocikrkwnqv,6.51
ioccuooghe,8.65
ogkguhjaej,6.82
lgosjjtsig,6.64
vloaallwwp,8.41
msniascnbj,1.23
fnnqnrolwm,1.95
acqtkufmzq,9.25
stbmwfyvmb,8.1
njbihbaewy,0.53
fqqkyeaadu,9.24
bohqrbrohy,7.37
yylkjutent,2.15
mtrvhnefpe,8.72
frsjtnxrjx,3.92
kicqgqunvm,0.92
zomykzrcly,3.72
shhxqlgoam,0.15
vekkkqjaff,2.94
kbgivmfnbz,6.03
jfewjciqpp,1.17
xkwxvagemg,9.11
rwuopiwivy,8.36
zkkgymcrfm,6.62
ttiozjfjay,0.93
evthhtklme,6.77
ahuyopnyre,6.43
ijmrcnkcjh,0.13
ewwlgxbdge,2.32
skbmzvbqjy,0.87
jilmuvuvwj,5.42
jzladkygwr,4.03
jwkanpqqdm,2.53
ujhuafbvuq,0.08
rbulnaprsb,4.62
xmorygglwf,9.85
opwtcazfke,2.55
imcaywstaq,8.33
vwnjvoovcl,2.72
ffuutgqjqt,9.81
ljcjztocux,4.77
qgcktfnxon,7.79
whpneznorc,7.24
ufzxzvvwzr,3.99
zlbiaryqjm,9.29
ttphtfrtgt,8.83
zysliwfosp,1.17
xtijbdhdlq,4.77
nljyxgwnut,9.93
ckdtjceqbu,6.65
hvtgangogv,4.62
fasblvwtnk,9.96
kwxrsubmqa,9.02
zjgfgyrfuf,3.34
hcogyaqmte,4.92
zryigzpvds,7.36
hwdfvjttfn,7.54
ikzzywzgxx,1.52
rqcawbkqsm,8.58
uxpnaqmclv,8.53
gosghaenlg,1.21
goqvineorf,3.26
npgmrmqsgl,8.4
amaegsnspg,7.13
panwvxegvg,1.81
bomzqtgqyv,9.58
dqhzavgyyy,9.14
noanxyuuev,0.75
adqfkdtkij,6.49
otxbktufkn,9.59
vnkkeyhptf,4.32
jpknhijkox,4.01
xttnmnwrcg,8.41
roireifvrj,2.1
txklqisfxy,1.84
vuzyjoksfi,9.57
tpdkkurkaa,6.74
mqmuwnysug,9.8
nsvshfmmts,9.28
scycumwpdx,9.63
jnbyraleyw,0.06
sbqmakrrnt,9.42
chrffnugri,6.32
anzabvswai,7.51
kijhfjucux,3.5
gtnjyjvhyn,1.04
zovtyckljs,2.12
wkegvdlemr,9.08
jjvjhxvxnu,7.4
enyjdhtshn,6.95
qrfjhvsusc,0.33
iykhumkjsd,8.95
dxumjfsvdd,4.0
yiuzylwyhd,7.7
sewcbnhuzf,5.2
ixcgzxaivz,1.95
uxqjzdbowe,1.6
kpaewepfuf,3.07
ilgqqarpfe,4.57
tfhdpoyswm,6.7
rtzrzctyqz,1.97
qtrndstjwm,8.19
merqfqqqya,9.02
ddvryqleva,7.61
aylknehpli,9.43
fkkihxkybm,0.44
eovguntnjn,0.76
rzfjecudgq,2.09
wtktelnsht,4.75
qmdmnphvgd,6.19
wfezcszsbv,8.69
bbimluxurs,2.62
enftmlllfd,9.46
uhkerlmggx,7.09
mwgpuazbef,1.62
rbszsvfpkv,1.67
wohyiifjic,4.89
wloryyfzup,2.19
lgjohwlajt,9.0
ewhhslngzy,4.47
egqabigrpc,5.54
csihwhmzmd,9.9
ywscviocpp,7.45
ipfxmjkpnu,5.95
odcfeqqccx,7.5
qmdaxzxlil,4.31
yizcjxcwrz,8.74
ypumpzfgsv,4.59
mfgijhnxhb,8.99
ejbgirgatx,2.19
ejhlpkmult,2.15
vhhycaxkzz,5.85
xgqcukwuql,2.27
beavpfosir,9.5
yrmqougqeb,2.09
sdxwstaujz,4.72
yygjrsjnls,3.7
rsdgyjrivg,8.13
octewcgwuh,4.14
utjeacvyud,9.62
jpmwvdsszw,0.21
jkuewkwfpk,6.79
wgplhosnsl,5.68
xipbhiyavx,7.14
otedebudjk,4.25
yudfkksvea,9.11
sfjrxrujlz,3.5
vcjfurkikj,2.98
oapnhsttmk,5.14
bkoojeeydq,5.64
smofohnudr,4.09
ehcslmofhc,3.32
jynrgbtiam,3.44
uroaukfylc,4.45
rohpbsfnzg,8.97
plajjmhbpb,6.36
wpvheaabya,8.69
ttohsmtzvn,4.55
oncfgnujqv,0.15
auciiyrhnp,0.51
wisfvktzwa,5.46
qewhxzwshj,7.23
mpxjanamzy,2.66
tzatlzswlm,7.97
octdxkebal,0.25
aqxbckoiur,8.36
ysgruwdacf,7.11
tqwnestwma,2.91
jfjhdiintv,8.03
gqagmixnga,8.35
pduxakgsxy,9.74
sazttrfyuf,4.37
fqiqtmoysm,5.87
toxrcgqidk,3.0
onsiryhxre,6.06
ezzcqfvrai,8.31
nkqseoxgdh,6.76
tiehzikwtx,3.07
qyqppkbpgi,9.05
qybviekybf,7.6
zpvsbrertq,2.17
psyecrtaui,6.67
epvhlrmgvr,8.1
sghlapuvop,4.11
agrisaqizm,5.82
weorpjipkk,7.63
raorcnrlwx,0.01
jxrcuynlrv,8.04
pznikaexrf,5.61
dshtoksanf,1.75
vcwxssqvbr,4.19
jfcndnarhg,8.28
rwgyarxtmp,0.2
idxrxhyhph,4.51
fhshjpmrll,7.72
yyxdczlrrl,9.73
mbmkcbvlzs,7.74
tkobkiqobl,5.41
rtnvtplbhh,7.76
lgpnafjnmd,4.43
gncmurcsat,6.38
duouctgbly,4.49
uzspncscps,7.23
ltvuasnsvg,6.13
swvdxswfgn,1.29
hekhoyzqze,6.18
fvkfmrrqpb,0.38
cpjhkchlpu,4.5
inlzayxnpq,7.21
vwgcrjcidl,5.24
oxjmpdthpe,8.05
sxqorlutfo,2.24
pmoppajxpw,4.15
jygfbtoaak,3.71
edfzlkwbfi,9.48
hgrhnkfusn,4.53
plyencvhto,8.25
miismzxxdn,9.85
eemskecfmo,3.21
qzcktvuamj,8.08
uvrhwinmey,8.21
gnivxctxmr,5.02
suwgqupaxg,0.09
xcchwiaavn,7.86
tkxlobaksr,7.16
mbjnqzwvdw,5.7
udtgvmvcwy,5.58
pmjwyqoxea,6.66
dxsryjkgvh,4.25
wmzqhfnmbb,8.51
rnjtowvxvi,8.77
ywsparhfzw,1.34
nohhyrjtls,3.57
zjfkgatuaj,3.59
umcjlrhrwx,2.85
nnewqecswc,6.56
nisnysiruz,7.75
likglueezo,7.1
megefoqben,8.66
ijvptsizie,9.28
zttwocfzlh,0.44
fkwvedjcfv,4.63
gvljwzjmfa,6.29
olbyxpwubb,8.13
njwzupbukf,0.58
jrgvyurify,9.24
wzezwwzyrv,4.65
obncottjrg,9.65
imzgltawfa,2.54
nvkzhljtrz,5.99
upqmzgoaiz,0.8
oxxkwogsgv,6.5
whdchwdjdc,1.25
oxbotwetop,2.09
jtvwjaeqhv,8.07
hpnozrsjhn,4.35
fstmxyionb,4.98
jiegabtqmk,2.28
oqcdltlvgx,7.5
ljszkarpzf,5.17
qmtbugejha,7.1
qaiwetajmz,7.99
vzqfinkshl,5.05
zgwoqktmbp,0.78
ebhldfrqms,3.79
wrnenajvkz,6.32
rgjaaejkmh,1.81
tvvzzwmhic,4.61
zifgimlgtk,8.11
xecaggaxgq,2.1
gxuxpgnwuo,1.89
flnhbuaelt,9.41
olknzjxbjz,8.93
pwrnwwvege,8.42
rhesyazxpp,7.84
ebclucwqvo,7.93
nsqzjpzbau,0.21
tcoqlfmxko,0.47
nbojrupgks,9.91
mpiidufwtm,8.99
nmaboyvnfs,5.86
qpvfbdiudt,3.33
zqajhbhkbz,2.74
cxoebygqwm,5.85
jreqxjgczq,3.07
vevvmggien,9.24
ziwouiypsj,4.9
eigfppmjxa,4.63
upokxuwebn,6.01
mcdcjrimpk,3.88
skanceotgt,8.31
cmiyilxoks,6.57
dnaqqgmjji,1.43
mdxdivxwru,7.94
lkwsacqblk,5.76
jgxwhnjxbz,1.07
wmljorgzwh,7.76
ellrzgoppl,6.14
potdrovlpo,5.85
afwcflbpli,6.76
uqmucfqnfk,1.16
ckecgikywk,8.27
zzgylmhkdp,6.36
caaxtpkslt,6.8
copbssfrmz,0.54
uujhxodhbv,9.89
ojmncpujuq,1.15
nbwohatklu,3.9
evntusayqk,0.22
vbrxficvjz,0.8
dapfbmttac,5.6
voisrmgvpv,8.1
vcimlqpzzr,7.21
uapkbhhwdn,7.77
wrvnnnzjfi,7.0
cnpyzrsohl,2.28
wwugchpktu,7.4
dfuwvopoav,4.69
horqjgkour,4.42
fxsnedgufi,1.0
vhmtoqanam,7.82
qzwgbvcnxv,1.53
lfsqvwvwan,7.83
dirbcsscdx,5.53
hcbyqppdof,5.94
egcngpcntg,8.67
mekuzncmfv,3.29
fgdnqbainv,9.89
tnasudpxdt,5.75
xctukjmzvk,3.88
gtcabhuzpw,8.62
aswpinceol,7.79
wbghspzsae,1.17
mddazowivs,2.61
ugliuvuwmv,1.99
inidpcnsfe,2.0
ejgcneijiy,7.08
megcohwpaa,1.64
kvjvhochtv,5.43
jckbkonfch,3.32
ogtfsmkpqp,0.08
memxmphool,6.54
tezecgfbeg,5.39
idgmaeudlw,9.25
wzmswpgyps,5.5
hophjsfxqg,8.6
wlasmbcnhy,2.55
rjawbypsdx,9.38
sheovlilvf,5.2
fbiqbovxje,4.84
pitkxzqjxr,5.81
llunilvnpg,2.48
cpipfiaeiv,8.26
dzodbfxpue,1.96
bzixqaiwgp,6.94
dnhftztfbw,3.76
bizkllttyx,1.11
wiornsoygt,3.91
kkradordjx,2.69
txmmnfcvwr,4.65
slrfkvhdbq,7.15
hsddlmxpil,2.62
tvuwfvoglv,5.05
vapzjqtovt,0.73
dkrlqmesok,2.37
smnrnvpniq,1.56
hjkhalqqkw,7.33
jdoylghzmz,0.25
qyyxpwtgyp,5.73
azoiqimzld,8.9
cmfqfcucbe,7.51
djmtllcsgc,2.94
kugzfsvmdk,7.05
geopdxzjlo,9.34
vvblsuakfz,1.41
tnkfspnlus,8.22
hkyekgycno,8.47
gukdgbylto,8.19
coturcoxan,2.21
qqevwweywf,2.43
nwuzoxxcuv,3.71
pyuoiusdlf,2.83
qgucphlphs,0.5
hhwljzeayk,2.8
vtprsavsym,3.08
mdrddijpmr,7.61
qrhuckqjmg,9.73
flspazfikk,9.84
nkdygdqfml,3.86
qwujumhgjf,6.84
gtrijdxtic,8.03
zhrkguyvhf,2.41
qihhgkafmi,9.78
wkerzrdfod,3.35
artjhjzmcq,5.89
zijqnjyivu,2.51
myhkydlylx,4.19
chqmoyooht,4.95
mijctnhbah,4.67
wdnopuixsu,9.75
ehnaebttub,7.58
oqwhhapxdp,9.2
dybaququva,8.18
cajjpaqbpc,4.81
wndlrzelem,8.47
ycofnhrtgs,4.22
udbwwrxikb,7.46
fdexjbglzw,0.78
rznnvyrcjg,1.6
rekuvnucuk,2.3
vwztijeweh,2.71
xnrpvqwael,0.89
zwcrnghtcp,4.55
gdjqbtxkww,6.44
dhvkfyiwmh,5.14
pjfefzrihi,7.0
hthgkjdttj,6.54
sbtvnwnptm,6.91
iprrhyrhss,3.0
jrwnllpcvq,8.3
ybobldzack,5.26
lcyuytlgth,7.42
cpktttgrej,6.9
nbxryjfaeo,5.81
jwwbxbhfaf,5.68
dmqwdfxelx,2.2
vhyfvzutmn,7.31
hdructdeqn,6.07
yvkpctiaea,3.12
rsmfnfycik,5.78
sbpeyjudus,9.29
bogyyzvuzw,5.62
nmdptudtgb,9.2
gpectzrmox,0.95
hmemwaynwx,6.66
eotmegiytt,6.5
jxkcmwyosr,2.53
wdydkvahun,1.3
niwriqxdur,9.58
nldnpwclgv,5.89
leaunoarmf,4.69
ugxjnbexdl,6.71
yczkftvypb,5.36
uqshsfalnj,6.41
jnpmscwoix,0.74
rdgkukezbg,9.46
gwdvjkopie,3.55
alfqevcehe,8.29
pdxaaphbhe,8.88
arugkokkjn,3.83
jtdtmpgkoj,6.2
uevowsayej,4.54
ejpolqmmtr,7.8
ekfbkyvjvj,6.64
iaddjfylco,7.36
dvlngxbtnx,3.84
zeuwouwaxb,5.59
bjvqgnfwdj,6.69
puclpupgil,9.88
purrjuromt,9.96
nhejlkvjmq,7.59
kxdoerwwup,4.16
agjucazyzm,2.34
eztuvqwjuu,9.83
nqembmqfil,2.15
lzbffebamz,0.05
vrguozysvm,6.4
dnnsbrcoyc,4.92
kmpjybkmqi,4.9
ccyvukzrah,7.06
nszzgwlqxs,4.5
fhqqidlgqc,5.22
dgusphdlyd,1.35
tscvqpswyl,6.58
gmdssajjcn,4.15
laxhlqddum,1.42
lqjlemszml,7.71
eyiyllbcsu,8.54
rorqrowsmp,7.89
ddhejgvlwr,0.49
pfzuatncuk,1.91
imhjgojjbb,3.14
nmfoysrgxt,1.4
zamkxlxkhy,1.27
vtkmdiiynl,2.25
pqijlfmkap,6.19
sgcngwqiun,6.33
hkpimjxqkp,6.74
xjstkbjjwk,6.65
jwioostqeo,8.32
sjapmrivir,4.06
vdrwrdrojb,5.51
ufxcytploz,0.08
awplgmaexu,6.21
qxfoipqjyr,2.63
hhbimfbuff,8.72
pnpsmnmgot,0.34
qxpzfqlsvi,0.63
swzamisrkm,0.3
muqclnitmm,9.88
mguhauaazt,1.17
exkzrmzxnm,3.31
xgioiovtja,2.61
yboyaiqxwy,7.42
xcczcjzwvh,0.03
thqkoovnmf,7.53
othvmntftg,8.11
rapnppnvtm,5.6
wojgvlexld,0.08
ppjwjczgep,4.79
utjqonojru,3.86
nbsqwqcyvy,0.54
szoxxwiagt,3.03
xthgvlqcpk,3.54
pzixjvlvyt,2.81
gzrmsvxbkj,4.89
pmqakkqpbo,4.08
nywkehpscz,1.97
usaorkogmy,6.03
vplikwlrpz,1.67
uyhxxcqkae,7.36
vebhzxkeyw,8.76
xarxhkhafj,1.73
rwnloqzxpa,0.36
mduvnuguqu,6.32
eigfirhosx,4.42
zxqzmxvxdh,0.64
bmhtyudnwm,7.44
uqvsjoistb,3.01
bjkthyvbxa,1.26
axvdrmfedh,8.45
irenxlhxye,5.33
ahnqygqhay,0.9
jtxvcxadap,8.96
xugfhbfphp,0.28
ugivsbxkpi,7.77
cdbfcguteo,3.33
egqlbrnpru,9.05
fmrohkayic,6.23
ttglsukmxb,9.84
buajjwikuq,5.1
ecaoqzbffw,1.6
drhfxjilwj,6.3
jkuphrutaq,6.85
nnaifqxsbx,5.2
jqrfwubtmm,3.33
msfnttpmtl,3.97
zyruhwpggz,5.91
sotmzfjbeu,7.24
ydvckzqlpk,4.82
fgjjdcfzzn,9.37
tdpgbpsimd,0.01
mjuvhtkzpb,5.49
dnbwhptttx,2.88
vdghbsrocy,1.57
baakmmhyqe,1.13
omamomditd,0.37
hsyhipawlh,8.61
tgwxahgdpl,7.76
xcbafzjdrg,2.93
ujzhhcnsky,3.94
ndqxpviqqd,3.53
fsldbuwiws,1.05
zjoorgqwwa,3.7
stwyswssjg,5.16
bratsuakfp,4.34
wupkmhqbtm,2.93
qtoqqsavvr,2.21
vopstyvcwr,0.96
zgszoeickc,6.07
cibwunmfcq,2.08
vcctyyxzmf,6.04
mdgytwnwgz,7.58
cedfhwtyrd,5.12
woetvnudfh,8.6
ktjkgzofnk,3.36
ibfqucgsgu,4.93
ibsogdqqme,5.82
ltbjyuzxnr,8.24
jtybwwyudd,7.41
wsleuvjwfs,6.85
xsfebubzya,0.91
lwtjnbjjkh,8.54
qggrluerpp,5.08
iogmcgmorg,3.72
sldwyusxak,5.12
nxkqnlrdmr,6.41
tqmcefoyve,0.26
uijulpcrtd,7.15
xuvfprgrko,5.73
kljvrahqkn,0.74
gpltbapxse,1.97
hzvgaoolpy,5.15
eylzgyetni,3.36
kjnhesnbvo,8.37
vkdoxyzwlj,7.66
qtuidqikkl,8.1
signpbkhfp,6.36
ftadwvgucm,8.79
cqjyuhlpuf,9.21
cgdttdehmy,6.36
myqhksbhij,1.49
bhbtjbocia,4.79
mwrgnvwvcv,6.19
dtkhljbmno,4.77
wmljhcqqhq,0.54
rxmhoonkte,0.35
wknchjfblk,9.79
cpamvatbmt,0.61
hscxoskrxc,5.82
nfwaebhtkm,3.1
jjgbhqpiwr,6.74
leppdnispt,3.97
npibstfujx,4.97
bfcbwexfpl,5.53
ryhrikmfad,3.05
dfuizchmhl,2.36
jjftvufein,2.55
asbdbcskwl,7.76
jbectiiezu,0.63
lvnwjdcjkg,6.57
ersznrbmei,3.64
rgxzmyewrw,7.68
gsnqurjfow,5.34
gjzqhohney,5.85
urigxedadg,2.1
swknxmioix,0.45
tyhwspgvzx,8.18
pwfvtdjxed,8.7
mcgbbcsmnn,7.98
nrnwmtxdbz,2.44
aipwzepycw,9.6
ukyhkvuqsi,0.1
cmcycxndsx,7.18
hnvcqffmnr,4.37
ooovzgpjwy,6.68
yunuoxwdzi,7.17
pkdhzylhst,7.67
kkyfbvnvie,7.45
ddugttqjhs,5.74
tkcongsecu,8.58
ltwanydrxx,3.05
jvfaowbsvy,5.02
oxdbwqchyv,0.29
ldnqrjmkrs,5.5
hhdpulemke,9.95
ktomdrjdba,8.93
pdjayqbgmr,6.78
ydshnnazon,1.15
yruksyrmmq,9.0
azbceaupxj,2.75
plieyohsqo,0.48
fmexbtccah,5.81
knwkeqhylt,0.24
smtzjseaee,2.35
mriwxvnsai,3.16
kgzkiitkjv,6.45
dzyktdwrom,4.34
ejnagnxtxg,7.93
ozldstzfwj,8.13
msladnjscy,8.12
ltfsprjdol,8.01
anodbmimml,8.12
emklziddwd,3.04
eteyitdddv,2.82
naoavqptlq,9.83
gbuosorqas,3.81
hztropwrps,0.67
hzgyocbcfh,8.93
zjhyenlbpd,1.16
clrivetmwh,0.85
xrqzagfivp,2.28
vioymcidyn,2.67
hpdwtlpcga,3.49
odldzxdtdq,5.95
macsphwami,6.96
bysmlqyetr,8.27
gocketfdft,5.11
xyascmkhfi,9.68
wmljgdaspf,5.17
srfpbmfrcm,1.42
zhatjsoedv,0.95
ivjwmtlyns,9.87
nkuknxygyd,0.05
ytajocvqki,0.53
ioanlvlxbb,2.9
dccjfmgdln,4.06
fcclfkpwmv,3.44
wlbwstgrss,7.4
kclsilamnl,5.86
echcmexnhz,8.62
ogzxsjznxn,4.28
unokirxnvh,1.39
umjhhifufp,2.81
lrflypiyhk,1.73
iyedzkrlyf,6.96
pcrbnpoldm,7.21
mxazlcmbfp,8.24
gzmbnpathk,6.66
dhmayujqua,4.86
mqihwcwrcs,0.12
tuwjryreqe,2.32
wlzdvgxfiz,9.47
yeqkfskkrd,3.26
uywcduhkjb,9.96
kmmpbquijk,6.27
fedwqqticl,5.28
zbvmzyqszz,6.92
tbreknjlql,6.71
pyhyylxkey,2.77
pmruoyxqwv,1.24
xjqwhsprir,4.94
bxkhptmfvi,3.13
nluhpijfvc,1.2
ubvmbjvmhc,4.95
nnhyupcaiu,0.5
hhdcqzwtrm,6.1
lniwmghnlx,1.57
rrnzixshni,1.45
euvjzpomrg,0.44
cdrabxbggj,8.05
flmvznxgtt,6.9
ufmwtmipww,2.54
xlcfgefaxq,4.75
enbmgwwhkx,1.86
wrglyxbzue,3.0
ilmmtngxpk,6.75
dkatieyjjp,1.81
exfnywofzk,8.28
fkpsyaikdg,9.46
xdkizsxnji,1.84
obuochucig,1.81
kcsfdrokdq,1.76
jrdhxezwlf,1.74
mwikxoddmv,1.23
zicftltijo,4.0
kggefyfvmm,1.49
hhqfmrtpzs,0.07
petjzskyge,4.21
hysyakhqpw,6.69
rtmmvlrnye,6.1
rbeflqakuh,1.4
dufevtzbaf,9.56
gbdkvfzytx,1.29
ispwvdxcjm,1.7
roetqytjwl,8.68
lugdxnvbml,8.64
dbwcbrspzk,1.95
ebrdgltxac,6.29
nukuddhsmu,6.81
zkmaftpbdu,8.48
psptdhufiv,3.82
qqfoqgjwkp,9.25
aksvmrodvd,5.01
mewfpebxjw,3.18
yqipjsascf,4.57
gtmbtaingg,2.7
nqlhgjwykq,6.01
gpjqtxrsqe,2.87
xmqixpstav,0.01
dctvgobyyt,8.62
tkcqbjeple,7.04
azikvrvwak,4.02
dzaiezjqdd,9.71
urqlnuoyau,3.91
ocxwaqypni,4.34
ujnpwatnyt,1.51
rzmshvptub,3.06
txuxwscpwk,7.93
babshfypcr,0.57
bdlzubwezz,4.11
lrpgoblbap,6.5
mdpghlqcvo,0.95
vyyvdfptiy,9.53
uzqsfldchq,2.43
eyyxgbbmzv,5.65
osliafbqfl,5.75
ywtdvlyuaw,7.3
dewifeyhqk,4.69
vumdpcqffp,9.99
htjbtkjlxz,1.17
zqmvqtlhha,9.9
syqiepbpct,5.14
pptevsnqut,3.37
brrercxqub,0.18
ngewequbfj,6.96
qmbzovorxj,5.7
nuaewpqxvj,5.0
nxdnbxlmsh,7.67
ohuughhbdo,3.13
holuoveumm,7.1
gjxgbtwyio,6.05
rvcelnvqly,9.34
gczlqdoect,6.76
fjsbklhnzc,0.59
hdwstjzpvs,0.61
qnucmtygmw,1.17
usfknzruhu,9.51
vxbmpkqsav,3.17
noairrjliw,6.98
ibiibxbmdo,3.05
stobhhzjwk,9.69
byfeojxrcy,3.06
cohbllqnve,7.13
fyuicgdwun,6.08
mrdgfabfce,8.31
cfawxkuaby,9.13
kinzgtsgag,0.27
bkukwlhwih,4.63
anxgghgvxc,8.31
gjtiovdkhp,2.18
fehfbliqyi,5.08
jwrkquueui,6.81
stpjxyjpoj,8.06
cuofdqmzhm,5.98
nvbrecqnqv,9.08
nwjqbqtqwf,3.7
qtlyqegueo,0.98
tlpqatqfbp,8.15
cdnbausfhw,5.04
ysrylivkrl,9.67
rjmnwpzzjr,7.43
ixpsphzzuk,9.4
gecxwdrdxp,1.79
vdytjlpkzv,9.87
waarcxduet,0.62
ghgihzhfsz,9.93
xvvysdlyeq,0.49
ffogudkmyl,3.92
fzqcruwhnf,0.42
irpxtvbmhe,6.37
akxyixgxme,3.21
ursjsmvdsc,8.2
zrglusiocs,7.33
cixwkiekln,2.26
xjzvhipnld,5.79
mjtxdexvqf,0.97
prlxojyokk,1.29
acuxbqonvj,0.66
ydburgjbcy,2.74
tbadiuhesd,3.59
lzbnkgxrjr,2.21
haoyrjldhn,9.73
jelljzeewc,5.93
gywzrnzdns,8.46
kpeizdflwz,6.99
kywbwhxxgb,8.82
itdyxxpmgl,9.62
ktowxzndqi,6.33
anlvwjilcc,9.22
oypmeplcza,1.44
rphlzjdvpi,5.6
toxnstgfus,5.03
psqkmbnihi,1.2
elpmywvqde,1.5
giostaxexu,7.44
ijbrlwfbzx,5.46
fexasruaky,6.83
lfwsgpkpaz,5.94
jzgyoknvfd,1.72
klumfpkhza,8.01
uvxacgzjmq,8.98
oegqcprlor,5.59
ozgxsquhua,3.27
ibosvlizqx,9.02
oiacafoubp,3.06
lpseyagwpk,6.01
ecmqnlgsic,6.73
bjlplqstnr,6.61
vjdlrkncvb,2.28
ibfwainmyd,7.92
vixwtbuzqd,5.87
zpjvvqnfno,6.29
bjhcqaydwq,2.63
mmaojeppps,8.93
beeyinzads,2.45
zhdzoudhua,8.26
fzgzwfxuxv,4.59
zookaxasgx,6.44
nccvnjwytq,3.17
ifmlujibil,8.6
dhbfjmwsjb,1.98
seowjdtjln,8.97
jragtatfgm,7.62
djryeohext,9.76
khlnlxuach,8.08
yitrmrdfta,2.79
nqxssmhbhu,4.6
fqrhosqtwt,4.29
nsaykdewqy,7.91
amkcincsxb,6.58
klagsncryv,6.51
awmsswczvp,6.42
uvsramsukd,4.57
wuggcsnned,7.09
pykabuqbot,2.16
jfljmqbnwy,4.67
iuvihmzulc,8.58
ddzfteloau,1.37
axnpjrvefq,9.58
eokibmafxy,8.2
sxnexovvgv,9.47
vuyyvhiiyk,6.33
yjqnlerimy,2.4
xbsdsqbjoi,2.86
iixxlrcnln,9.67
cbbrhvvjsu,8.78
sbpqtnapif,7.11
sjyoqkbmxn,4.8
tyhuxbpbiq,1.15
uheilegrpv,0.26
aihaqytsku,6.29
itegfnpszj,9.51
tuipcpsiin,6.88
avilssrqrw,6.3
hbiucptknw,6.64
pspoezovwy,4.75
ofnawqkmyv,2.47
vwwskcgbuh,7.32
qfjvlemlww,2.64
godvwlpdsw,6.58
pqwlrmzeen,0.5
cjjamownum,9.01
gbxgdrxcxz,7.52
pysxlbzupu,2.16
ptiqmosnei,3.82
jrfqburgxi,9.24
doddbnuzfz,7.22
rmeyjhvcxs,6.39
mzbfrdoxqt,8.89
rlokityidt,7.42
vnvijeqump,4.9
odjtrsrhsg,0.53
uvpgpktwll,3.31
yddlsposmn,8.54
zbbvvvajxe,3.3
gltfnbidlz,6.24
cfjqhywpvy,3.84
njycypjrfn,7.73
nmdnbqylfr,0.21
mhsrlwspeo,7.09
rzjgbnexkz,9.0
bhlswxvrix,4.05
fcxmokqekq,8.18
grxsciemew,0.18
lobfwkhsvb,6.16
riyswasojj,1.49
qnxdqchoqo,6.28
itkltfides,9.22
qauqbponbr,4.09
xvzopsiwai,3.6
trvaaysdka,2.4
bjozwiedvn,4.0
jlxuirscri,6.44
cpushwlnym,8.51
wshrvqmzhu,1.6
nrjykfnfje,6.25
cznpiemfgj,4.49
nvuthsmkyb,6.45
pqwwjeeoxp,3.4
wbixejizxe,8.56
zzbmigrhfr,8.24
ilbmibhaoi,0.25
rblxglkxec,9.54
aqsptrqlob,2.69
osasmtfenj,1.75
bxrboebzrr,0.81
kcfytxvpir,7.34
weelvhjzig,2.11
nvjdpebogc,5.16
pqkxlovxsi,9.1
mvznodosti,8.96
ytzmkuhhno,0.74
woivgjtssi,3.69
vhtgrwxcda,1.49
rzsngpqmsh,5.99
nguscvusts,2.52
nyyhfgerul,6.47
ucmnfiygkn,5.82
ofirtzdvwk,9.39
shwnwrbhjc,5.53
exujkjqagf,4.54
plolxoqunf,3.66
ipcajpqxwm,8.03
jrreublugl,7.08
vjuiqfvihj,6.23
zdmtozdpbz,5.02
yxoucvpwvr,6.0
awirbruskv,4.32
opvagihfyp,6.98
iojjvthgvl,7.85
oezowdjcva,3.45
ijngncqnnw,8.89
qyjgbtdqof,0.41
kbdzyfqvbm,0.69
rvntuibbhi,2.32
bubpigqzdu,2.63
dulgcjnlaz,2.56
zhnzqizbjm,3.86
rlofkoiebt,2.82
kyxbxdfybn,4.55
hrtjnapkbh,3.1
abzigyjeay,5.54
ufsmyeapjl,1.66
utitzvgbqx,6.68
ykxbwxnguf,9.15
szuiidnknw,9.38
pjzpgxtfoz,2.01
waeizrfxjp,4.96
peisybsnyj,0.84
soxrygwctu,6.86
sdsivpaulo,0.85
myszyjkiwx,5.62
xdjxqyfdwc,9.01
ynbmqfjqok,2.63
xyjiekmarb,6.52
yuqwkgdotp,6.74
yiakoieryl,0.59
mwoewepvya,7.78
ghkhkrwbga,5.63
wrzetlxdvr,9.35
xiajoepkay,4.53
vwpowoshye,8.16
mvanduqega,9.28
yfxnwkzpau,8.13
ivqppeqokq,5.74
hmxouziggn,0.61
bgyhxuwwxe,3.58
anexkfsdop,2.66
txfnfqlcda,3.24
lotycixcff,3.31
hepmjpicge,9.88
slygwxjdvq,1.54
jhtobzhmpz,0.03
aqocpvuhia,1.02
uipsvgoytx,9.21
ugfyjbtefd,2.3
cgnrystzhm,2.23
wzrjxgqhdr,9.82
zevfjczgbl,3.47
solahemqfn,2.94
xepxcevhys,1.45
kycuoqfmjp,2.96
ltkbrumehp,0.92
ciqxersmjq,0.31
wakuhicupb,7.23
rdtqlnbsss,5.81
stkbgicnha,2.23
prwmmsebzz,5.31
piodedemjt,6.82
dmoznrthuy,0.61
tmvgmrlaou,6.16
qurfgyuwmn,4.4
esosidfrqd,9.92
cyiakqlanr,5.24
ycorkkfoji,4.6
nevasrothe,9.84
aibdirupfq,7.07
iynsrdbzvh,5.49
igplxrhjrl,9.19
fqwdkeeatx,1.42
bkznfzpqjg,2.02
vxkuwkvfhq,9.1
jkdprchynm,4.14
tnddpcjoyd,1.7
cuyfkpeicq,4.8
qebpdnmuaw,9.9
uasgksoiuf,2.57
xhqgnlmktn,0.5
rktrhercgp,6.95
lalzclbaus,2.39
nwguwzsgyq,7.42
thwrpzcspp,3.06
crhrbuugff,0.31
eleahpuxzz,8.61
swbyrtvvzm,1.82
zxljwtpmpn,7.54
yyrrxncvzw,1.14
hqhrpvnitq,8.45
uuafmbkqfy,0.06
pabtokqkks,4.27
eftwuczgvf,9.97
qlagxvqerj,0.26
ofseckfwoe,7.18
vjpuahdwra,1.14
dbwxkvsnvy,1.25
qpnowpojll,9.34
oewsefdwef,5.14
sqdbhhtmmk,2.4
bbfbakztqm,0.58
zyprvhvote,2.6
sslntfisqx,6.06
polqbhrale,7.73
swdydsvven,2.86
tuwbcmpkil,8.49
knpwrjznwl,4.79
gtkaskkixh,6.65
wdglemefxg,8.12
vewpchpfed,6.21
xcxodzbhzj,7.12
vzsoqksyms,1.57
mzedgyohba,5.03
jjpomluwkk,1.01
jydqzmymzs,1.61
axdktuxnwc,5.88
oolebmoqgw,0.81
hxeynkfztc,3.99
nelhyxzxra,6.09
swrxvskrbd,5.81
lnqjbloqlr,0.75
komkrkhpvi,5.5
mvwmxdqqce,1.33
qyfrombsmo,7.38
dksigbhtmt,6.41
jblzvkzozr,7.31
pudsvuhdza,6.43
hocfypbxvr,6.4
bclwvxname,6.44
qmajebrnxx,3.11
amdgfjqdph,3.27
ddyzcobqfr,0.33
sofcdyyavl,3.92
rzskycrbku,0.34
yjpfdnwobi,0.32
fkxczifhju,9.61
gwdzkdhwqb,3.03
jyckpqoytv,1.51
xssasuxwyt,9.1
oxghhsfbcb,5.31
rptgnhkfez,9.96
hnrmevnpqt,9.01
efujpanhqm,3.83
tvpeapdufl,0.27
peddnakbxy,3.57
rpuvbmlxpl,1.95
prvrblzojq,5.18
bzsncqvsys,6.58
fvushnaxzf,4.52
brsshavkem,1.96
vycglynrvr,8.33
kvgngoxfqy,7.37
zlxdmjfgyl,5.49
etnyerrrux,4.81
wcetgnjidx,9.69
oacjhdilub,0.73
hsqrxknwra,2.83
ajdpeakjly,7.08
cgwxvdglwm,2.31
msoycurhiq,0.66
yxxmakrlef,7.4
tepzesmxjq,0.73
byyrrthnzj,0.21
nbaabqobyg,3.82
usuitdzygl,3.81
hnnridjjur,1.11
qplxkkyhwk,9.02
ddqsahnjhy,4.66
hwdmatphdq,2.15
idimtjhuxx,9.4
ltfzbbbiop,4.95
yckbihlalg,5.98
mthrblabty,0.04
yhvypcbbmg,3.32
odwynozenh,9.67
bjjolwjwrh,4.49
wbkmpogvtp,2.58
xgvjtukoxt,1.39
gkqvrgtbyx,2.87
vxnaazffny,6.01
ybsoktksrr,9.56
mutnrfqkoj,2.85
iabwsehsop,5.52
qublgxwnnl,6.14
ebaltfbees,8.21
ldbkuxtsny,6.76
wibpaxghre,5.43
bshlfmavdm,1.41
slkshielfj,9.36
ynktevbfbl,8.59
yfoazjldjb,1.66
zuctstmohk,4.06
hklplbsyty,4.74
owbrttqcff,8.02
kloxxadbpl,3.9
pfqhldajcz,0.89
ntwsmehrup,6.77
munosuvcyx,2.5
pxoumtjapc,9.58
kbzivpcpmv,9.76
pputfvoobu,9.83
uaauuarops,9.46
rwuyaafyny,2.64
xozacyfwzo,1.68
gfguyskcbg,7.84
bzjogbpath,1.73
vjcqyfksuj,1.75
syqozegkbr,6.84
rdiyvkynan,7.05
mkdkntwxwk,1.07
yuflcndliz,4.71
enlnrmrbbr,8.17
bogeiowmqd,8.92
ligvwpluww,5.26
ezwnpaimaz,2.45
kvwhsjgbok,1.64
esbtanvkib,7.47
bsnaaenwgo,5.23
lekdocmnkl,7.99
pjbjesbhaf,3.86
ccrhqgokae,8.3
oflvgnwvdf,1.39
bymxdoznrf,3.12
fxvnjqgrif,3.57
gdmiufeboc,4.44
vqohcrhjpx,8.48
luiohrjmlc,3.21
qmrhkeakgl,5.83
ppxbvwlvdk,5.81
igxcwnejsi,0.92
byaibwvjhl,8.7
qskysphles,6.47
zsogiobnxd,3.07
hodqscofut,9.95
xfivkwwzjl,8.56
keavlmpirt,8.97
ceouxazfab,9.14
vyjszfuudz,7.07
oaihhazrar,4.53
nkjgdxaqhp,2.33
xzwjmpazjj,3.69
wmabmenkbb,7.43
kgsyhdkkgg,0.2
sccoqzargn,8.69
sarrbvsdog,0.69
vdycxymyeu,5.1
noqlgaijyn,2.1
fuimrlyjvu,8.03
kthsikaacs,9.42
ubeawkkvzm,2.62
xksgbzgyft,9.92
kkehssxahv,2.16
jqjkjvxwbd,6.15
fgdhgfysna,7.7
glwuiwdqfc,8.55
sfltaqnpkz,6.58
dxdwnxulns,0.69
ynsmnvphzx,1.9
zucsvdcxiu,0.19
eixrqjmlcj,0.57
xzmwvbpxan,5.22
jnrjlkhlct,8.83
jfmswsqutr,7.45
dcqvcwqdoq,6.67
oaijcvsshj,3.32
xvagrlvwgc,4.32
lucmtonusd,0.19
wmkcwxtzvk,6.82
zvooptogyh,8.39
kxcogeajsc,3.0
nroelmcooc,4.35
timyelcbyj,4.93
ecvmufeojg,1.5
vodfcpypbs,7.21
twnjifjfvl,0.11
bthitnpafs,9.11
xfgddlklwq,7.84
fnodjyubjj,5.17
abzwheoreb,5.09
dujrbdwprt,8.5
kbwiltptnt,9.45
tkkzysfhst,8.49
nfqzekczvc,1.91
orahqvmzxl,5.98
vugugyttiw,2.09
vtzjzqbopz,1.06
xmpfuwfvho,8.07
lrbwrczeku,8.05
ikuobfrbhn,3.38
aaoewrhiva,0.48
aatelcoywo,4.07
hueelvjcar,0.98
vxapmchiyu,2.87
ieaoxgjtjf,3.46
edrshmlhzu,7.82
okxghauexd,9.87
cpatveqdtw,6.09
ozubiyawos,9.64
ewftuacild,6.6
ovtzvsntqn,8.14
gfyziwbkfe,0.56
ukafvosbap,7.32
pcdqhlgsbk,6.18
cymvyyuqko,2.54
qxceqxngie,8.36
kkdtsbjnlv,2.81
efqrzzouxh,1.54
securgniez,7.99
kyitdwywnt,1.56
kwgsknywpt,6.44
xghogyxzot,2.4
erlutphppm,4.84
ttkditxsxb,4.28
jawxprodjl,2.97
qlifsioprj,0.6
trexbyjoij,6.11
vvwnglydub,5.48
ofgpgknikz,2.94
yoovggewut,7.73
bgznpgemff,8.6
rmzpyqgdsn,7.8
vuzfucegnc,8.69
imnsbvwtxu,6.6
dxafpxfvur,5.38
xnvfacxokq,1.87
feueydtgpk,1.38
ryyytprktu,5.8
buqthoalvb,4.76
ehzhpwhkdq,9.28
tenngnybip,4.59
zrrcceuspd,5.26
buzqsuhuqq,2.72
yezlvmxrtx,9.8
upxrpdabkf,10.0
obyvxmwwiv,5.71
glmygsyete,6.15
rydsitcfgg,4.1
sekhmqcboa,6.73
znhhieeudf,2.74
xlufrukqiw,7.08
yxidvjjhfu,4.15
fddzguykib,5.35
apwcjauklz,2.29
bnaevyvjvt,6.94
kzzyhcngmm,5.03
nvlvqmdcvp,3.43
tjjhkijfct,8.39
tklrkbxhyq,4.89
foxcmwzejg,1.74
mqetrfhbzw,3.78
vxrtaapakb,0.75
lfmgugmnoo,4.44
nltrcbfbnq,9.24
pbzknhvodn,7.68
yijrzjwcnv,7.44
iavzxgqlzj,5.82
fsvmclydka,2.71
qtijukpsbh,8.57
gdvqfwydow,9.55
nqntcuqoai,8.57
jyjfrybsqn,4.87
wyfxavgzkw,3.03
bpifcfdmcd,8.81
btgkugjchw,1.31
glkbtecsdg,1.1
hninrtvmjw,3.21
ufnaigmsmn,9.58
jzryugiyfu,7.68
ibhonxsayf,6.29
dqhjjjmkba,8.91
iqusljhsyi,0.83
wcdammsryg,8.68
hgfuqahqan,4.47
wyvfuyosyu,5.38
rmxaaboxpr,1.32
gaezjqppgt,7.42
xbghbtwvok,2.76
fmvnmqosja,6.07
ftnlzmvzgh,6.53
axijlvpfig,5.88
wmpfxwmuog,3.94
bvwaouzppa,9.8
hujmabnqhl,6.18
zcslzildag,5.91
xorvuwedsf,5.48
pbukpihodj,0.59
nuoknjdgaf,7.09
cpuyuqpcpt,6.79
chepudxjfu,1.8
xuvfjcguiu,8.53
vmojdykpzr,1.57
mizzlaocqj,3.97
kllckqtfgw,2.14
nmdchmsfhb,3.75
regojxgond,1.17
szwdtvgrxu,9.77
dukvbgpgma,3.26
rezgwcpnpq,8.56
beuivxdnfv,8.73
afgdnopcco,1.49
ahbltrdrxt,4.78
htrvopawur,0.94
klfjbzklok,1.83
netbahzzpy,2.63
hnratpxzdd,0.81
cefpqmshmm,6.74
vchjnevulx,3.45
mcagdkukdr,0.58
aomaqmvstb,4.91
qcpomhpznm,1.66
hoaplcnsvt,8.45
jcqrakftrf,8.31
zqezdzqlvu,2.81
gepaiwosba,8.82
mkbyrciwpl,6.75
mahhubapry,4.82
qpcnocspci,0.72
gweqelnmxy,5.53
mxrushejbx,2.05
pnfcktzwam,9.07
renumjxjgn,3.0
euesvmeprr,1.47
feitlghnuk,7.85
oftdbrwqlr,5.69
udwighrfnm,0.65
vuwmujqbnr,8.74
zrbavounak,9.68
locwntbtoi,9.01
ikelfwpmzj,4.22
wnwcddtgkx,7.2
uyjjkxnuha,6.42
vefbpxvjie,8.26
xosgdrhzdj,4.17
riitdcqobt,3.48
ubtymffmci,7.92
ljcdiwtoez,8.49
zxuwshhchg,3.49
gttgrwqbxi,4.43
eqaycpsfiv,6.6
isyagoibvj,0.47
soplhrfjvw,2.74
prbpjkewyt,7.32
gugzumxokj,9.03
jveonnbojo,7.72
kjapoedgdd,2.36
gcpgwghcyd,8.09
tutnswstqe,1.98
zxnnxylfmn,8.81
ljpdfjkajg,0.51
cjlbtkrpyw,3.1
dzawglpnjt,8.53
bjspwadlxh,7.13
qwsajwftqh,5.43
giihefmamp,5.9
oasecaiylt,8.08
tijiubgbrs,8.07
jxhgsdadfb,0.99
cajkfswcdz,4.57
fztxxqaphg,3.9
qxpnbnyuci,5.63
nbqotrpvgb,4.68
chrpycdurm,4.4
gzbzpdijbd,7.25
bdstlfbuzj,5.47
ddcpgedqmn,2.31
gqtzykjhik,3.86
emwkarliim,1.51
ztepehhfii,6.6
bkjtymnifi,1.2
rcfxatvtqm,8.99
tcxmveetnv,7.15
zahpsvukpq,0.61
izbimqehvt,0.41
kkrzdfjcqb,1.03
emenulschs,2.25
zooeyhbwop,5.77
sdcdrufmpr,7.61
xkxdlasnsf,2.6
hdmqpedmrr,2.81
khwmwzbcnn,2.8
etcrglqlqs,9.45
fmjlpmijvl,2.48
mnizenetxe,7.31
asumlrngfg,1.2
zceipdlbsb,8.65
xgwuvoooul,8.85
yaxqdcmtnl,8.21
zzppmbsiid,5.41
pofifhgwmz,7.49
srpknqckwb,5.2
aaszwxttgg,7.34
iotgvzpsoe,1.49
pyhnwfreyx,1.95
ghmajwvnqu,0.97
eujcaksupj,1.47
hzeqivcjtd,6.94
yastgwseid,9.2
dhwdozwogd,1.69
jtsbfoejjc,9.86
rggbpjqvgr,8.96
dllrmtvkvn,6.85
xjbsdaiqre,3.38
hlqxjnfiob,5.75
zlpmvqynrw,0.19
xoyagtoztk,8.96
sgslnkwudd,2.79
zxsxltpufe,1.66
dhrjzusthh,7.04
octlqxvgpt,4.8
vhfynfcfav,4.7
bpjqneqzrc,7.22
xdnygdvxrt,1.91
utefutzwuj,9.84
shfthkkuwm,1.89
zlsiamczew,8.85
aeavyfvydd,2.23
sakffftguz,7.98
zprkvqhsdq,1.0
rihsgdxkui,8.82
spjlwundcr,5.59
mubbejpszf,3.25
ydsbjmywvf,7.09
hrixsnyjen,5.28
gfpujvmycr,7.23
qaxybiymex,6.09
obqanqmqam,7.21
ukyakppocv,0.84
mzhburlemp,9.82
fmiqgtnztx,8.99
kcxgjdxnad,7.19
mratnpdsjk,4.46
xmyoqcfffk,0.02
jnbbwswfaw,2.02
nbnjrfqlib,9.29
asdmgidpvo,3.56
tlmxqxwqrd,3.87
rxquhjbmxw,2.37
mncmmwwnfn,9.74
qjkrecsygy,9.12
msrcmcztai,0.92
jupjvndncj,0.67
cndfbwwwub,5.47
oldxgkarky,8.7
qchhwekktw,7.43
cxmitssrto,6.29
udlweobkgl,7.52
rieavmmarx,6.09
bwcpwftrvv,0.19
iubbyykoje,0.37
wxytnlxhbk,0.2
wcbxkiduor,3.89
vxzubxkqih,4.42
udhvutlxqz,0.83
kwiinwrllk,3.68
vkkwwfkjhh,0.73
bzofwskrcc,6.01
skymcfdkkn,8.03
prqdqlgayu,3.79
ukmqihtnxn,2.15
iypynyyryr,5.37
sysybxldkc,5.97
leuxigzdea,3.03
crqxljyveu,1.87
nzdkruifzt,4.42
ekgznlxxvt,1.25
iqhdvoiroh,4.53
jlbaxhoigz,6.01
soqnmoqrbu,1.17
spfbgtutvf,8.79
rethsragjr,7.42
kdyqrkhhaz,6.16
nxcmvfrsil,5.75
akjleqggug,0.17
ytivdufklo,6.02
umvdazlimf,3.22
qliptcwwzf,8.58
pwwzenikfz,6.16
pcyuohaozp,7.65
zoegehajra,0.46
rcpdntsifm,6.73
nixbgviktw,1.93
qfxohhygjm,1.26
nhnqyspjte,7.08
hmlllacliq,2.43
elnyuxvmao,6.64
xyevibsdai,6.94
kijneiovki,2.72
hhoiqzhsmw,0.59
agyqqryaxj,0.78
bhtzxxwmnf,0.28
eqqrsaweui,5.88
wuyjbgbafs,5.28
wazrsgsdae,1.76
tisiehklcy,0.54
hqawutxldv,2.15
tgpgmupdnd,6.22
qsiguktony,3.24
ipcisntlsc,7.26
xnycnnqiht,9.45
xacxsakrbm,9.22
sniarfqktw,1.6
tblmyorcoc,5.13
txdxxjyzoc,5.04
ywkwmiktap,7.62
wysdzyeihi,2.6
qupahgpauo,6.16
ebftrtmxrh,8.26
jzgsrfqekr,9.37
eaxudxrqtq,1.91
xqvwldfjdh,0.81
zslulzommg,9.76
xollqrmnun,0.32
eboafyddcz,1.15
jaurhfkfvq,5.95
igwjlnotzo,8.11
ynofhanulp,3.97
feyzhadyhi,2.55
ebzcjaajiq,2.54
leraecribn,7.34
spzbvqyelk,8.55
trkswanbxh,7.49
eotuamrvpw,9.54
zzpqjblywf,5.87
ytoorzcvkr,7.17
usocipawvo,7.8
mkzpjamoxk,6.62
seldekpdkj,9.8
gvulmvffox,5.01
jznksbmeya,2.66
ldqzjvnepy,4.0
zheczhufjg,0.63
hcsgmvubkg,6.25
lnldxqilei,3.71
rbcmfzznru,9.63
nkjwjcdmwg,0.94
xqoxsozyvo,6.45
ctyzazwfjy,1.2
yyzbaqylch,8.87
wwnouohvpe,1.76
stohfibvwx,8.99
vysnwplaqi,9.71
ckysebgoxs,8.84
nywpnpbees,6.6
efumqrtcwo,8.88
ubjjhnwkzx,2.34
ncnliantxg,0.03
xyjnqncrom,3.07
xhurnonzvf,3.86
fmczgoyshi,3.3
nvrxdltosz,0.16
hknncwhivu,9.13
pcgpvdepsr,9.7
pfbpnqilcb,8.1
vrlenszbdh,3.47
onvteufzcz,2.79
zefobkrcnj,8.08
hszehereya,3.66
apdwiqobqu,1.97
exjsvihpqf,6.02
ctvtqocbpz,7.71
plkbsfpwol,0.68
mmbctedikb,3.44
tffxdlufdq,4.41
ivnduetjhd,0.03
yawphmmjfq,1.46
ncjklavwev,5.37
kbdpfrkmkk,9.6
keuhasifco,7.8
qzbunlgimm,8.64
rgruetpysx,8.02
yaukpxthem,9.22
lwgpxjhgcu,7.9
juibtgfmhp,2.79
ywlqaabdap,0.19
nahxgjwiii,2.29
qlnddnlqdx,2.81
odujjkdlrq,3.15
vngspioqfv,7.05
ouftmsmwco,6.53
btrqeuclul,3.36
ygigqqeniy,1.26
wtsbnwpyso,7.65
oswmckzduz,8.64
zgkzzylgdm,8.43
hpsspfzfxe,3.9
nxdexnnnqd,2.05
yjkaacfptg,2.16
gxwunjkpki,4.23
kabootiitr,6.53
opffwdtbum,8.44
reqglxkafh,8.3
rerdicbvea,2.69
icuxuksnje,1.79
nnatmzubzc,9.61
rwtcsmicnb,2.65
iknzsfzcsi,0.0
lymlgnamay,7.11
efucmxgzhd,0.13
urdvhqxnzd,1.12
ihrmlealca,5.19
ogpdgleyec,7.07
fwgxewlcyq,9.25
yizaacxcjs,6.87
tntyclpmkx,7.92
uhhapveduh,9.12
mbhzvaxknu,0.96
mnvppwjfzm,5.51
jvyigvoaxv,4.81
omnqfqhkud,7.23
wmnnzkdiqg,5.23
zmppdxfvww,5.71
wnjpuouelc,7.24
dtephczfcu,4.31
mzijchxzyx,9.95
euofprpnvx,3.14
avoftqtmwq,2.72
zqgdwrjymu,2.7
bfufvmdhbk,7.2
raihkghbqv,9.74
wavzbwfyqe,0.61
chbwzyfalx,4.75
iqyfjyhgrg,5.65
jsqjolyjhp,5.33
peomovivhn,9.11
igqidehukv,2.42
whhlwhnebr,2.97
ikplvhjffo,5.19
rckfeyqjpq,9.75
dltssffril,1.13
rmtmnryprs,9.85
vngteynaaa,5.59
miifbnvpto,6.8
ecdfslegbc,5.16
wwyjgqxnsb,4.86
eebtncxypj,6.59
unulyvhrbl,0.26
pwuetcejbi,1.43
wpotmezeii,0.61
busgtqvpxu,0.25
gernxmwqfb,7.65
figcykjtfg,9.06
diriozzica,7.66
vkdihtnrqu,3.5
opmtgpcknl,6.96
sbdxiefqam,5.14
ntmuemqdws,1.22
bobgbgfjmi,4.0
tnvdsgpltw,1.14
exztxnegjl,2.53
khkstguvkq,1.91
qxqzylxjni,4.55
hiiwgskgta,7.16
qfyntjsocu,3.59
xswtcxxymp,2.83
efhjwozoqs,4.46
ctnvxdjzzt,8.26
krwwwumpef,0.81
iidmycmlsv,9.68
wphvdpjiwx,8.57
wdhrejeugw,9.53
imzmqxlwcn,0.55
ceaoarjwdl,0.15
jzvewxayeu,2.22
vcnysnafjp,6.43
dnluwbxqqs,8.54
duufkjszuu,9.98
ctbfbyozlg,4.39
moaolrvinz,7.84
iimqalqphy,3.74
xlzutlxisx,7.0
vexnexlfzj,8.07
yxnrykyvpx,2.7
fjlxxlzrko,5.2
lvzeqnwzuo,0.18
wuqfjveqbq,8.36
evqhcithln,9.31
mjdtbchxno,7.41
dbrpqsejyy,0.33
tcnkobfmub,6.16
jdhutuzviu,7.12
dmhqczjhtt,7.85
nctdxylaok,8.42
jixqnivmlb,9.23
fngeduadcq,2.78
sqqulhilcc,3.41
lpbldcyqib,5.19
haucbldfab,2.19
tzkuyyssdd,3.3
ovryqugolh,9.51
ccvfocqbgx,8.0
plbbnavvpq,9.41
azqgukrbhl,4.83
oulgkobgft,9.67
clgnjqnqcz,3.19
amidlwdhxk,6.21
quwlacyrws,5.59
aykkhwyxoa,3.53
qmkeqquasz,2.57
htnxriclpx,7.36
gerlawzpbg,8.79
wqweiumvgm,0.72
lmpyycejov,7.04
tiozagumkk,0.29
uomcmtxrvu,4.41
lnijjbsfkv,7.16
geqlkmfmie,9.85
pkaxsbeesd,3.92
khzzfwwsbj,7.27
ogviaruqhb,4.27
lotcgneksr,8.91
cnekukwhxy,7.25
sohodkypcj,3.84
lonidcprcm,2.29
sdfbmhtmbe,6.94
sxeaobnmse,0.66
kmpzdqsofz,8.73
prrhythliv,7.8
xpxfoeiazk,2.8
bobgvvwtel,1.96
csgkehpmev,4.62
umjucjrlyf,8.98
uryqehucbq,9.07
jaqmzqhnay,4.57
ovrquxricw,7.33
tflyhvihku,2.59
pssbewcjqk,1.02
umcjecoskp,3.13
ecmtpqdyxg,0.17
ocvwyukolc,3.64
vzftlbgxyb,4.23
cczvqydypm,9.78
rmivvwtxfd,8.65
lrxdntwoft,1.7
nipacrcvab,9.67
yiqwgtksxg,8.9
apynfjxnqv,5.51
wenvltbakh,2.42
hxeewbosme,2.18
zjrggbzraf,1.07
pzhvhhnyeq,5.18
conuciwmwi,2.39
jemczctayt,3.34
ftzgfquwth,4.39
herzopzvvo,4.9
splhqfyqkm,2.94
odjmhigyyh,4.97
bwkafqucvj,9.77
juzdivjitn,1.82
zclslpfuaz,3.93
cdtfomtexm,7.49
xoscazrzvi,9.92
gioxzkntxp,0.11
eqjjqnqwbv,9.83
tcmvgahwbt,9.09
bbhvnxmirz,2.54
aqwyzhlklc,5.73
oinuwecfep,6.3
lmzzugmocu,7.83
luabnrcftz,4.89
jzvahrlths,9.59
kjohmqruoz,7.24
obryzyqbrv,5.84
slocvxdabq,2.48
dlldtgwfyw,6.31
xmyzkwgmdg,8.82
lvobpvbsah,7.83
hedvjjegxs,2.04
hzgoymoefv,6.77
ehaqgqnkme,7.43
spwgtwpcxx,2.79
sksgasidmn,1.86
nprtzkehmy,4.73
vjentgmtyc,3.72
qgwthksbig,1.75
kknbbdgenv,8.12
zybairwsus,6.18
zaoyvembsi,0.13
ewefcyivno,2.48
xnkwlqnshs,5.14
snqechtthz,3.23
pikgpkvugz,9.62
tqqshydpao,0.45
xgblwxutby,0.34
aybpxsxibs,4.41
bjkacuptdv,3.39
bxqjmwdlhe,1.25
xjqirtcbpf,0.02
hzvouxkkfl,1.83
wuamgmmcks,9.09
eihwggrqzu,2.23
zwohlxdrtx,2.23
wnirvmeurh,5.05
ncvykjqiya,0.22
ihfmxsknqu,9.36
lrgessjscx,8.71
rotmrjrpdg,4.47
qagxifzytr,8.38
ybvfjucopu,8.03
xdhglhqhto,3.4
nnozdkhgec,4.8
pkglkixjqk,2.71
wiqlawoehf,4.77
gbdyhluetv,1.78
zovnsldxtl,7.1
fuydxztmbq,8.1
sivijimcnw,8.96
msusacjvnz,9.44
qmscmwliqm,6.57
bmbtqvsynj,7.57
jnybhzgjcu,5.27
remuujhlzi,1.53
hgucpgcbui,5.07
vbymevdrnt,2.84
lbtkthaaax,5.17
plrcvetnlx,7.9
lsfsjjglkk,7.04
gsmegerjjw,8.03
tvjzvginrw,7.26
qffxugskjl,4.44
iqxeciinlv,6.89
whbczqqimo,4.57
elavuhdwjc,6.06
yqvyuzuqlt,6.94
boxsqwayvb,4.38
ixlcvxjwhk,6.08
goekoqqqfi,4.7
lppicydxje,2.51
zdbcagwogb,8.76
kpaqyvmtch,6.55
nrlcmsokmb,7.27
rxybjisnyd,6.14
dptxpfyuvk,5.12
sdswxaveiy,5.32
sieeczpzyl,9.57
jdmkbcjscd,0.01
vetovxmdqd,5.51
pywevmbcyz,5.34
swuoemmqwa,6.72
eocbfzglyf,6.93
ludzalakbz,2.83
hlktknream,0.65
sfqvgfsmti,9.41
xubvxsozpp,8.33
dckhffobzf,9.34
yqgkeygpys,9.97
bweectgaro,0.94
iyhcbxvbfy,4.88
dvqrckiilf,0.29
kwwcajmubh,9.28
lfatgxrovp,9.99
wwpttsqnul,7.35
ezscdnblfm,6.3
vaatmvjvjg,1.3
eytekntwmh,7.61
nqdiutpcxp,8.09
fiklnhqiui,9.12
okdtlmuher,4.1
sampefzuud,1.95
mwhcivbbcb,2.12
gdllyqohzx,7.5
cwmqpdbukp,9.42
fxnqdunvrb,0.4
lelfraqqxi,7.33
dqkndjapxa,2.94
gghiaqgrqg,8.81
vajcxxfcmt,0.64
shtkohsnim,5.97
pakhttoxcw,8.99
fhfqbstivn,8.26
svxgdzaymh,4.5
ecaljkjprr,4.6
eyljvounmv,5.68
kpqcvswfau,5.89
wyyeubpmrq,5.97
rlltcllhxs,6.59
dronxprzxi,1.88
sagdhrauru,1.59
ilfanuarym,6.87
qbllbhsbhp,8.43
qwikndkjwv,9.08
knlphlzshs,2.31
fzofhnsoeq,3.35
vzqtjmdbph,8.86
pwbgsgqjfo,3.11
